word,videos
sign,mediapipe_landmarks/part_10_sign_16.npz
hurt,mediapipe_landmarks/part_9_hurt_video_21.npz
gun,mediapipe_landmarks/part_8_gun_20241119_172644_62.npz
name,mediapipe_landmarks/part_9_name_video_7.npz
inside,mediapipe_landmarks/part_9_inside_video_8.npz
careful,mediapipe_landmarks/part_7_careful_video_3.npz
pain,mediapipe_landmarks/part_9_pain_1.npz
address,mediapipe_landmarks/part_2_20951289492025293-ADDRESS.npz
near,mediapipe_landmarks/part_4_6325824847898331-seedNEAR.npz
wait,mediapipe_landmarks/part_11_wait_video_8.npz
gun,mediapipe_landmarks/part_8_gun_20241119_172644_50.npz
shoot,mediapipe_landmarks/part_10_shoot_20241119_172653_79.npz
now,mediapipe_landmarks/part_2_32936308705065365-NOW.npz
behind,mediapipe_landmarks/part_7_behind_video_1.npz
help,mediapipe_landmarks/part_6_9483688560737478-HELP.npz
front,mediapipe_landmarks/part_8_front_11.npz
fs,mediapipe_landmarks/part_6_O_video_0_o_aug_5.npz
understand,mediapipe_landmarks/part_3_4687993210650012-UNDERSTAND.npz
help,mediapipe_landmarks/part_6_9165653074606479-HELP.npz
accident,mediapipe_landmarks/part_6_accident_10.npz
deaf,mediapipe_landmarks/part_7_deaf_20241119_172639_7.npz
name,mediapipe_landmarks/part_6_9200587270292702-NAME.npz
accident,mediapipe_landmarks/part_1_08442183866728903-ACCIDENT.npz
gun,mediapipe_landmarks/part_8_gun_20241119_172644_44.npz
doctor,mediapipe_landmarks/part_8_doctor_20241119_172640_52.npz
interpreter,mediapipe_landmarks/part_9_interpreter_6.npz
nurse,mediapipe_landmarks/part_9_nurse_video_6.npz
now,mediapipe_landmarks/part_3_5295273734383446-NOW.npz
who,mediapipe_landmarks/part_1_042301515237099796-WHO.npz
where,mediapipe_landmarks/part_6_9084539059220444-WHERE.npz
hurt,mediapipe_landmarks/part_1_024957790105810895-HURT.npz
help,mediapipe_landmarks/part_2_23773456898680978-HELP.npz
address,mediapipe_landmarks/part_5_8477086608678521-ADDRESS.npz
call,mediapipe_landmarks/part_7_call_20241119_172635_56.npz
alarm,mediapipe_landmarks/part_1_007052570289345361-ALARM.npz
go,mediapipe_landmarks/part_6_9981647509356435-GO.npz
where,mediapipe_landmarks/part_4_5985508360496106-WHERE.npz
fs,mediapipe_landmarks/part_6_C • ASL Dictionary.npz
fingerspelling,mediapipe_landmarks/part_5_8597842202887007-FINGERSPELLING.npz
fs,mediapipe_landmarks/part_6_T • ASL Dictionary_t_aug_9.npz
no,mediapipe_landmarks/part_9_no_16.npz
write,mediapipe_landmarks/part_11_write_video_6.npz
alarm,mediapipe_landmarks/part_6_alarm_7.npz
left,mediapipe_landmarks/part_4_5676946482783816-LEFT.npz
outside,mediapipe_landmarks/part_5_7769271033995591-seedOUTSIDE.npz
nurse,mediapipe_landmarks/part_9_nurse_video_2.npz
fire,mediapipe_landmarks/part_1_17360167788419623-FIRE.npz
ok,mediapipe_landmarks/part_5_8365211156949848-seedOK.npz
sign,mediapipe_landmarks/part_10_sign_2.npz
right,mediapipe_landmarks/part_10_right_20241119_172651_23.npz
breathe,mediapipe_landmarks/part_5_8075207392891508-BREATHE.npz
breathe,mediapipe_landmarks/part_1_17933068147202302-BREATHE.npz
breathe,mediapipe_landmarks/part_5_7916010690365956-BREATHE.npz
careful,mediapipe_landmarks/part_5_7561801326116206-CAREFUL.npz
left,mediapipe_landmarks/part_5_7336714898090413-LEFT.npz
drown,mediapipe_landmarks/part_8_drown_20241119_172640_55.npz
interpreter,mediapipe_landmarks/part_5_8950421059667071-INTERPRETER.npz
fire,mediapipe_landmarks/part_3_4504051194690162-FIRE.npz
gun,mediapipe_landmarks/part_8_gun_20241119_172644_69.npz
above,mediapipe_landmarks/part_6_above_video_12.npz
alarm,mediapipe_landmarks/part_3_3825028316342891-ALARM.npz
hospital,mediapipe_landmarks/part_9_hospital_20241119_172645_42.npz
down,mediapipe_landmarks/part_8_down_video_28.npz
how,mediapipe_landmarks/part_9_how_20241119_172645_62.npz
drown,mediapipe_landmarks/part_8_drown_20241119_172640_85.npz
help,mediapipe_landmarks/part_1_15046472702938374-HELP.npz
why,mediapipe_landmarks/part_11_why_video_10.npz
blood,mediapipe_landmarks/part_7_blood_8.npz
alarm,mediapipe_landmarks/part_6_alarm_video_4.npz
under,mediapipe_landmarks/part_1_12127008483455959-UNDER.npz
call,mediapipe_landmarks/part_7_call_20241119_172635_68.npz
phone,mediapipe_landmarks/part_10_phone_video_2.npz
why,mediapipe_landmarks/part_11_why_video_13.npz
fs,mediapipe_landmarks/part_10_r_6_r_aug_13.npz
right,mediapipe_landmarks/part_10_right_20241119_172651_68.npz
fs,mediapipe_landmarks/part_6_Z_video_0_z_aug_29.npz
no,mediapipe_landmarks/part_9_no_video_8.npz
water,mediapipe_landmarks/part_5_7705639151800205-WATER.npz
tty,mediapipe_landmarks/part_1_12081639101060215-TTY.npz
escape,mediapipe_landmarks/part_3_5346240933755744-ESCAPE.npz
no,mediapipe_landmarks/part_5_7931075492698656-NO.npz
when,mediapipe_landmarks/part_6_9388978622277493-WHEN.npz
wait,mediapipe_landmarks/part_4_6363494051663907-WAIT.npz
now,mediapipe_landmarks/part_9_now_1.npz
rescue,mediapipe_landmarks/part_2_2908638651106714-RESCUE.npz
fs,mediapipe_landmarks/part_6_P_video_0_p_aug_27.npz
over,mediapipe_landmarks/part_9_over_video_5.npz
fs,mediapipe_landmarks/part_9_l_4_l_aug_27.npz
anyone,mediapipe_landmarks/part_5_8485513646497005-ANYONE.npz
shooting,mediapipe_landmarks/part_5_8204469040280014-SHOOTING.npz
deaf,mediapipe_landmarks/part_7_deaf_20241119_172639_33.npz
sign,mediapipe_landmarks/part_1_0328053814877749-SIGN.npz
doctor,mediapipe_landmarks/part_8_doctor_20241119_172640_30.npz
doctor,mediapipe_landmarks/part_8_doctor_20241119_172640_70.npz
gun,mediapipe_landmarks/part_8_gun_20241119_172644_24.npz
who,mediapipe_landmarks/part_4_6723858714545425-seedWHO.npz
pain,mediapipe_landmarks/part_1_0061254309383598216-PAIN.npz
siren,mediapipe_landmarks/part_1_08032050435290783-SIREN.npz
over,mediapipe_landmarks/part_3_4768547434529178-OVER.npz
stop,mediapipe_landmarks/part_11_stop_video_32.npz
pain,mediapipe_landmarks/part_6_9177378686473288-PAIN.npz
left,mediapipe_landmarks/part_3_4006395694593461-LEFT.npz
near,mediapipe_landmarks/part_5_8335087724202477-NEAR.npz
rescue,mediapipe_landmarks/part_1_05431716662441799-RESCUE.npz
doctor,mediapipe_landmarks/part_8_doctor_20241119_172640_49.npz
when,mediapipe_landmarks/part_11_when_video_5.npz
bleed,mediapipe_landmarks/part_3_4043587378973368-seedBLEED.npz
right,mediapipe_landmarks/part_10_right_20241119_172651_28.npz
interpreter,mediapipe_landmarks/part_9_interpreter.npz
who,mediapipe_landmarks/part_11_who_video_3.npz
careful,mediapipe_landmarks/part_6_9695555294102203-CAREFUL.npz
fs,mediapipe_landmarks/part_6_U • ASL Dictionary_u_aug_24.npz
sign,mediapipe_landmarks/part_2_2386452559431056-SIGN.npz
fire,mediapipe_landmarks/part_5_7356604848032693-FIRE.npz
ok,mediapipe_landmarks/part_3_4582628988743378-OK.npz
hurt,mediapipe_landmarks/part_9_hurt_7.npz
safe,mediapipe_landmarks/part_2_35789078110146955-SAFE.npz
ok,mediapipe_landmarks/part_4_6785114540405601-OK.npz
water,mediapipe_landmarks/part_5_7276443456531434-WATER.npz
no,mediapipe_landmarks/part_1_01379619951634381-NO.npz
back,mediapipe_landmarks/part_4_6127036021444041-BACK.npz
fire,mediapipe_landmarks/part_6_9670746241323227-FIRE.npz
interpreter,mediapipe_landmarks/part_5_7449413893913774-INTERPRETER.npz
gun,mediapipe_landmarks/part_8_gun_20241119_172644_51.npz
go,mediapipe_landmarks/part_8_go_33.npz
bleed,mediapipe_landmarks/part_5_8426050750595746-BLEED.npz
fingerspelling,mediapipe_landmarks/part_5_8715823702566576-FINGERSPELLING.npz
escape,mediapipe_landmarks/part_8_escape_7.npz
shoot,mediapipe_landmarks/part_10_shoot_20241119_172653_57.npz
hardofhearing,mediapipe_landmarks/part_1_15215994145116896-HARD OF_HEARING.npz
doctor,mediapipe_landmarks/part_8_doctor_20241119_172640_71.npz
ok,mediapipe_landmarks/part_9_ok_1.npz
smoke,mediapipe_landmarks/part_10_smoke_video_15.npz
deaf,mediapipe_landmarks/part_7_deaf_20241119_172639_52.npz
read,mediapipe_landmarks/part_10_read_video_0.npz
gun,mediapipe_landmarks/part_8_gun_20241119_172644_59.npz
outside,mediapipe_landmarks/part_1_09558282585892797-OUTSIDE.npz
no,mediapipe_landmarks/part_3_5309657970849855-NO.npz
fs,mediapipe_landmarks/part_10_q_1_q_aug_33.npz
understand,mediapipe_landmarks/part_5_8604241021179426-UNDERSTAND.npz
ok,mediapipe_landmarks/part_2_2795008669013317-OK.npz
call,mediapipe_landmarks/part_7_call_20241119_172635_70.npz
doctor,mediapipe_landmarks/part_8_doctor_20241119_172640_83.npz
drown,mediapipe_landmarks/part_8_drown_20241119_172640_94.npz
down,mediapipe_landmarks/part_8_down_video_32.npz
up,mediapipe_landmarks/part_4_670269253669108-UP.npz
call,mediapipe_landmarks/part_7_call_20241119_172635_82.npz
gun,mediapipe_landmarks/part_8_gun_20241119_172644_28.npz
over,mediapipe_landmarks/part_9_over_video_1.npz
down,mediapipe_landmarks/part_2_20799537009290803-DOWN.npz
accident,mediapipe_landmarks/part_5_8115127991954083-ACCIDENT.npz
drown,mediapipe_landmarks/part_8_drown_20241119_172640_53.npz
yes,mediapipe_landmarks/part_3_44146024789241256-YES.npz
calltty,mediapipe_landmarks/part_4_6943175331907006-CALL TTY.npz
back,mediapipe_landmarks/part_2_2944283140098787-BACK.npz
go,mediapipe_landmarks/part_2_20492226110701672-GO.npz
drown,mediapipe_landmarks/part_8_drown_20241119_172640_50.npz
accident,mediapipe_landmarks/part_6_accident_video_9.npz
call,mediapipe_landmarks/part_7_call_20241119_172635_49.npz
ok,mediapipe_landmarks/part_2_29669279681518446-OK.npz
blood,mediapipe_landmarks/part_4_5794685594407252-BLOOD.npz
need,mediapipe_landmarks/part_4_5597756711675372-NEED.npz
shoot,mediapipe_landmarks/part_10_shoot_20241119_172653_18.npz
how,mediapipe_landmarks/part_9_how_20241119_172645_84.npz
understand,mediapipe_landmarks/part_4_6424637597161564-UNDERSTAND.npz
wait,mediapipe_landmarks/part_1_15263395462454632-WAIT.npz
call,mediapipe_landmarks/part_7_call_20241119_172635_26.npz
yes,mediapipe_landmarks/part_11_yes_video_3.npz
fs,mediapipe_landmarks/part_6_X_video_1_x_aug_0.npz
write,mediapipe_landmarks/part_4_582860551991583-WRITE.npz
understand,mediapipe_landmarks/part_11_understand_video_4.npz
drown,mediapipe_landmarks/part_8_drown_20241119_172640_45.npz
fs,mediapipe_landmarks/part_11_u_2_u_aug_0.npz
call,mediapipe_landmarks/part_7_call_20241119_172635_39.npz
outside,mediapipe_landmarks/part_1_10349425935386236-OUTSIDE.npz
water,mediapipe_landmarks/part_4_7176990560462237-WATER.npz
back,mediapipe_landmarks/part_5_7536183127075402-BACK.npz
fingerspell,mediapipe_landmarks/part_1_07904389465473627-FINGERSPELL.npz
fs,mediapipe_landmarks/part_8_g_7_g_aug_4.npz
hospital,mediapipe_landmarks/part_9_hospital_20241119_172645_54.npz
smoke,mediapipe_landmarks/part_6_9127214946836857-SMOKE.npz
doctor,mediapipe_landmarks/part_8_doctor_20241119_172640_64.npz
drown,mediapipe_landmarks/part_8_drown_20241119_172640_70.npz
tty,mediapipe_landmarks/part_5_8583456468956183-TTY.npz
know,mediapipe_landmarks/part_3_3814009077656757-KNOW.npz
sick,mediapipe_landmarks/part_10_sick_7.npz
drown,mediapipe_landmarks/part_8_drown_20241119_172640_14.npz
read,mediapipe_landmarks/part_6_9985068116144047-READ.npz
callattention,mediapipe_landmarks/part_2_23558820050532314-CALL ATTENTION.npz
call,mediapipe_landmarks/part_7_call_20241119_172635_77.npz
what,mediapipe_landmarks/part_11_what_20241119_172657_69.npz
fs,mediapipe_landmarks/part_6_Q_video_1_q_aug_27.npz
pain,mediapipe_landmarks/part_3_46245201069940745-PAIN.npz
alarm,mediapipe_landmarks/part_5_7502738277577992-ALARM.npz
right,mediapipe_landmarks/part_10_right_20241119_172651_102.npz
outside,mediapipe_landmarks/part_6_9823239392541816-OUTSIDE.npz
water,mediapipe_landmarks/part_3_47911865396339715-WATER.npz
alarm,mediapipe_landmarks/part_4_6162497245482246-ALARM.npz
inside,mediapipe_landmarks/part_1_15984121329736567-INSIDE.npz
near,mediapipe_landmarks/part_9_near_video_33.npz
fs,mediapipe_landmarks/part_9_o_1.npz
name,mediapipe_landmarks/part_9_name_video_6.npz
hospital,mediapipe_landmarks/part_9_hospital_20241119_172645_53.npz
near,mediapipe_landmarks/part_9_near_9.npz
go,mediapipe_landmarks/part_3_4795164850135014-GO.npz
accident,mediapipe_landmarks/part_6_accident_9.npz
careful,mediapipe_landmarks/part_7_careful_12.npz
right,mediapipe_landmarks/part_10_right_20241119_172651_67.npz
when,mediapipe_landmarks/part_11_when_12.npz
need,mediapipe_landmarks/part_3_37372322284413917-NEED.npz
hospital,mediapipe_landmarks/part_9_hospital_20241119_172645_34.npz
shoot,mediapipe_landmarks/part_10_shoot_20241119_172653_38.npz
fire,mediapipe_landmarks/part_2_28511545655411874-FIRE.npz
front,mediapipe_landmarks/part_2_2689402706426016-FRONT.npz
pain,mediapipe_landmarks/part_3_374792426110897-PAIN.npz
hardofhearing,mediapipe_landmarks/part_1_008963709176522006-seedHARD OF_HEARING.npz
inside,mediapipe_landmarks/part_1_03049942828394614-INSIDE.npz
gun,mediapipe_landmarks/part_8_gun_20241119_172644_72.npz
up,mediapipe_landmarks/part_11_up_video_0.npz
alarm,mediapipe_landmarks/part_3_36285227744262327-ALARM.npz
up,mediapipe_landmarks/part_6_9132401961065522-UP.npz
behind,mediapipe_landmarks/part_7_behind_video_10.npz
how,mediapipe_landmarks/part_9_how_20241119_172645_66.npz
why,mediapipe_landmarks/part_11_why_video_8.npz
no,mediapipe_landmarks/part_6_9616432008129339-NO.npz
how,mediapipe_landmarks/part_9_how_20241119_172645_3.npz
fingerspell,mediapipe_landmarks/part_4_6962930143301989-FINGERSPELL.npz
nurse,mediapipe_landmarks/part_9_nurse_video_10.npz
read,mediapipe_landmarks/part_10_read.npz
danger,mediapipe_landmarks/part_5_8974496496188002-DANGER.npz
fs,mediapipe_landmarks/part_6_Y_video_1_y_aug_22.npz
gun,mediapipe_landmarks/part_8_gun_20241119_172644_63.npz
fs,mediapipe_landmarks/part_9_o_1_o_aug_9.npz
call,mediapipe_landmarks/part_7_call_20241119_172635_42.npz
fs,mediapipe_landmarks/part_6_S_video_4.npz
fingerspelling,mediapipe_landmarks/part_3_40884665207927284-FINGERSPELLING.npz
down,mediapipe_landmarks/part_1_08225253598943949-DOWN.npz
shooting,mediapipe_landmarks/part_10_shooting_video_0.npz
shooting,mediapipe_landmarks/part_6_966721661679286-seedSHOOTING.npz
call,mediapipe_landmarks/part_7_call_20241119_172635_29.npz
breathe,mediapipe_landmarks/part_6_9765384453718793-BREATHE.npz
deaf,mediapipe_landmarks/part_7_deaf_20241119_172639_1.npz
over,mediapipe_landmarks/part_3_5251332705802094-OVER.npz
callattention,mediapipe_landmarks/part_3_5179804929899696-CALL ATTENTION.npz
gun,mediapipe_landmarks/part_8_gun_20241119_172644_68.npz
breathe,mediapipe_landmarks/part_6_9557074753522998-BREATHE.npz
up,mediapipe_landmarks/part_11_up_9.npz
above,mediapipe_landmarks/part_5_8571485632178022-ABOVE.npz
sign,mediapipe_landmarks/part_3_3925269953820827-SIGN.npz
danger,mediapipe_landmarks/part_3_35996196778832323-DANGER.npz
go,mediapipe_landmarks/part_8_go_video_30.npz
how,mediapipe_landmarks/part_9_how_20241119_172645_45.npz
up,mediapipe_landmarks/part_11_up_video_12.npz
callattention,mediapipe_landmarks/part_2_30922638283210313-CALL ATTENTION.npz
behind,mediapipe_landmarks/part_4_679661147866973-BEHIND.npz
drown,mediapipe_landmarks/part_8_drown_20241119_172640_100.npz
yes,mediapipe_landmarks/part_6_9953610281521326-YES.npz
back,mediapipe_landmarks/part_5_8354481399932423-BACK.npz
why,mediapipe_landmarks/part_11_why_8.npz
drown,mediapipe_landmarks/part_8_drown_20241119_172640_113.npz
behind,mediapipe_landmarks/part_7_behind_video_14.npz
how,mediapipe_landmarks/part_9_how_20241119_172645_18.npz
read,mediapipe_landmarks/part_10_read_10.npz
fire,mediapipe_landmarks/part_8_fire_video_3.npz
calltty,mediapipe_landmarks/part_1_12727994381994168-CALL TTY.npz
wait,mediapipe_landmarks/part_11_wait_video_9.npz
go,mediapipe_landmarks/part_8_go_video_21.npz
drown,mediapipe_landmarks/part_8_drown_20241119_172640_19.npz
interpreter,mediapipe_landmarks/part_1_060176274185742784-INTERPRETER.npz
need,mediapipe_landmarks/part_4_6635655797958437-NEED.npz
deaf,mediapipe_landmarks/part_7_deaf_20241119_172639_38.npz
drown,mediapipe_landmarks/part_8_drown_20241119_172640_41.npz
outside,mediapipe_landmarks/part_3_5307675851880209-OUTSIDE.npz
safe,mediapipe_landmarks/part_10_safe_video_6.npz
fs,mediapipe_landmarks/part_6_X_video_1_x_aug_1.npz
above,mediapipe_landmarks/part_2_34493168805554775-ABOVE.npz
back,mediapipe_landmarks/part_6_back_9.npz
water,mediapipe_landmarks/part_6_H2O_video_7.npz
near,mediapipe_landmarks/part_9_near_2.npz
alarm,mediapipe_landmarks/part_6_alarm_5.npz
fs,mediapipe_landmarks/part_6_M_video_1_m_aug_1.npz
anyone,mediapipe_landmarks/part_5_8101190988385516-ANYONE.npz
alarm,mediapipe_landmarks/part_6_alarm_1.npz
hospital,mediapipe_landmarks/part_9_hospital_20241119_172645_5.npz
gun,mediapipe_landmarks/part_8_gun_20241119_172644_8.npz
siren,mediapipe_landmarks/part_2_18820142261023975-SIREN.npz
accident,mediapipe_landmarks/part_4_5977951646216033-ACCIDENT.npz
doctor,mediapipe_landmarks/part_8_doctor_20241119_172640_32.npz
know,mediapipe_landmarks/part_9_know_15.npz
who,mediapipe_landmarks/part_4_5788460385097332-WHO.npz
blood,mediapipe_landmarks/part_7_blood_video_2.npz
front,mediapipe_landmarks/part_2_2944366076565157-FRONT.npz
phone,mediapipe_landmarks/part_2_3093551825088652-PHONE.npz
call,mediapipe_landmarks/part_7_call_20241119_172635_37.npz
blood,mediapipe_landmarks/part_4_5761173217129232-BLOOD.npz
shoot,mediapipe_landmarks/part_10_shoot_20241119_172653_27.npz
understand,mediapipe_landmarks/part_4_6593382490905721-UNDERSTAND.npz
shoot,mediapipe_landmarks/part_10_shoot_20241119_172653_15.npz
fingerspell,mediapipe_landmarks/part_3_424132338192011-FINGERSPELL.npz
go,mediapipe_landmarks/part_2_19195912453679753-GO.npz
tty,mediapipe_landmarks/part_3_47716596498279173-TTY.npz
shoot,mediapipe_landmarks/part_10_shoot_20241119_172653_63.npz
blood,mediapipe_landmarks/part_1_12707382264347866-BLOOD.npz
know,mediapipe_landmarks/part_9_know_12.npz
deaf,mediapipe_landmarks/part_7_deaf_20241119_172639_53.npz
gun,mediapipe_landmarks/part_8_gun_20241119_172644_52.npz
name,mediapipe_landmarks/part_6_9125300798453833-NAME.npz
near,mediapipe_landmarks/part_4_6872173557168539-NEAR.npz
hardofhearing,mediapipe_landmarks/part_3_49605174025019005-HARD OF_HEARING.npz
behind,mediapipe_landmarks/part_4_6052192118347557-seedBEHIND.npz
phone,mediapipe_landmarks/part_5_7776387397789923-PHONE.npz
fs,mediapipe_landmarks/part_6_a_6_a_aug_0.npz
over,mediapipe_landmarks/part_9_over_10.npz
calltty,mediapipe_landmarks/part_1_08735592479278997-CALL TTY.npz
drown,mediapipe_landmarks/part_8_drown_20241119_172640_135.npz
fs,mediapipe_landmarks/part_6_D • ASL Dictionary.npz
hospital,mediapipe_landmarks/part_9_hospital_20241119_172645_74.npz
inside,mediapipe_landmarks/part_5_7377458768815033-INSIDE.npz
back,mediapipe_landmarks/part_1_052757066467205904-BACK.npz
callattention,mediapipe_landmarks/part_2_3155806779456367-CALL ATTENTION.npz
fs,mediapipe_landmarks/part_6_A_video_0_a_aug_31.npz
need,mediapipe_landmarks/part_1_04669408879006931-NEED.npz
why,mediapipe_landmarks/part_4_6217493782065597-WHY.npz
pain,mediapipe_landmarks/part_1_02676525194121826-PAIN.npz
fs,mediapipe_landmarks/part_11_v_2.npz
fire,mediapipe_landmarks/part_8_fire_video_6.npz
now,mediapipe_landmarks/part_6_919998346581087-NOW.npz
understand,mediapipe_landmarks/part_11_understand_video_5.npz
go,mediapipe_landmarks/part_3_41579421019094553-GO.npz
stop,mediapipe_landmarks/part_11_stop_4.npz
shoot,mediapipe_landmarks/part_10_shoot_20241119_172653_13.npz
near,mediapipe_landmarks/part_3_5207058565200182-NEAR.npz
breathe,mediapipe_landmarks/part_4_627469155875727-BREATHE.npz
stop,mediapipe_landmarks/part_4_5495256812953944-STOP.npz
name,mediapipe_landmarks/part_4_6398020473925876-NAME.npz
right,mediapipe_landmarks/part_10_right_20241119_172651_72.npz
interpreter,mediapipe_landmarks/part_3_3921287402137754-INTERPRETER.npz
stop,mediapipe_landmarks/part_11_stop_video_12.npz
back,mediapipe_landmarks/part_6_back_video_32.npz
left,mediapipe_landmarks/part_9_left_video_5.npz
fire,mediapipe_landmarks/part_6_935932776840172-FIRE.npz
doctor,mediapipe_landmarks/part_8_doctor_20241119_172640_66.npz
between,mediapipe_landmarks/part_3_4563531051669103-BETWEEN.npz
why,mediapipe_landmarks/part_2_28913897920899023-WHY.npz
pain,mediapipe_landmarks/part_6_9407855177746578-PAIN.npz
outside,mediapipe_landmarks/part_1_15921525116787727-OUTSIDE.npz
rescue,mediapipe_landmarks/part_4_5388279912618266-RESCUE.npz
safe,mediapipe_landmarks/part_10_safe_video_4.npz
drown,mediapipe_landmarks/part_8_drown_20241119_172640_89.npz
blood,mediapipe_landmarks/part_2_3425301802301728-BLOOD.npz
go,mediapipe_landmarks/part_8_go_video_10.npz
who,mediapipe_landmarks/part_1_14452193915198386-WHO.npz
tty,mediapipe_landmarks/part_1_0618700330872044-TTY.npz
back,mediapipe_landmarks/part_6_back_video_18.npz
call,mediapipe_landmarks/part_7_call_20241119_172635_48.npz
smoke,mediapipe_landmarks/part_10_smoke_video_14.npz
name,mediapipe_landmarks/part_4_5439490417710435-NAME.npz
go,mediapipe_landmarks/part_8_go_video_48.npz
hurt,mediapipe_landmarks/part_6_958666333331422-HURT.npz
need,mediapipe_landmarks/part_5_7542100183321416-NEED.npz
who,mediapipe_landmarks/part_2_22349971035391758-WHO.npz
calltty,mediapipe_landmarks/part_4_568818048922445-CALL TTY.npz
what,mediapipe_landmarks/part_11_what_20241119_172657_59.npz
fs,mediapipe_landmarks/part_6_P_video_0_p_aug_6.npz
breathe,mediapipe_landmarks/part_4_7197957935318893-BREATHE.npz
fingerspell,mediapipe_landmarks/part_2_2442961762947633-FINGERSPELL.npz
inside,mediapipe_landmarks/part_4_5817458379050824-INSIDE.npz
drown,mediapipe_landmarks/part_8_drown_20241119_172640_29.npz
right,mediapipe_landmarks/part_10_right_20241119_172651_63.npz
right,mediapipe_landmarks/part_10_right_20241119_172651_5.npz
shoot,mediapipe_landmarks/part_10_shoot_20241119_172653_83.npz
between,mediapipe_landmarks/part_4_6287079618715046-BETWEEN.npz
yes,mediapipe_landmarks/part_6_9605571410103191-YES.npz
now,mediapipe_landmarks/part_4_5484965265051842-NOW.npz
fs,mediapipe_landmarks/part_8_g_3_g_aug_33.npz
near,mediapipe_landmarks/part_9_near_video_17.npz
go,mediapipe_landmarks/part_8_go_video_9.npz
what,mediapipe_landmarks/part_11_what_20241119_172657_78.npz
shoot,mediapipe_landmarks/part_10_shoot_20241119_172653_9.npz
careful,mediapipe_landmarks/part_7_careful_10.npz
drown,mediapipe_landmarks/part_8_drown_20241119_172640_84.npz
address,mediapipe_landmarks/part_6_address_video_6.npz
pain,mediapipe_landmarks/part_5_8882527528736919-PAIN.npz
down,mediapipe_landmarks/part_8_down_video_25.npz
understand,mediapipe_landmarks/part_5_8071758688201891-UNDERSTAND.npz
hospital,mediapipe_landmarks/part_9_hospital_20241119_172645_65.npz
danger,mediapipe_landmarks/part_5_7964352711893699-DANGER.npz
breathe,mediapipe_landmarks/part_4_6451512079077941-BREATHE.npz
drown,mediapipe_landmarks/part_8_drown_20241119_172640_17.npz
over,mediapipe_landmarks/part_9_over_video_6.npz
right,mediapipe_landmarks/part_10_right_20241119_172651_54.npz
front,mediapipe_landmarks/part_1_0483889876525887-FRONT.npz
pain,mediapipe_landmarks/part_3_37134269046205026-PAIN.npz
near,mediapipe_landmarks/part_9_near_video_36.npz
hospital,mediapipe_landmarks/part_9_hospital_20241119_172645_33.npz
read,mediapipe_landmarks/part_1_07700895767889127-READ.npz
back,mediapipe_landmarks/part_4_6679508760345139-BACK.npz
gun,mediapipe_landmarks/part_8_gun_20241119_172644_41.npz
sign,mediapipe_landmarks/part_10_sign_video_13.npz
doctor,mediapipe_landmarks/part_8_doctor_20241119_172640_74.npz
nurse,mediapipe_landmarks/part_1_06228664230447878-NURSE.npz
drown,mediapipe_landmarks/part_8_drown_20241119_172640_124.npz
no,mediapipe_landmarks/part_1_09714329486323847-NO.npz
now,mediapipe_landmarks/part_6_9046369726997978-NOW.npz
bleed,mediapipe_landmarks/part_2_307871341318235-BLEED.npz
know,mediapipe_landmarks/part_2_2503930490736366-KNOW.npz
right,mediapipe_landmarks/part_10_right_20241119_172651_70.npz
fs,mediapipe_landmarks/part_6_B_video_1_b_aug_9.npz
who,mediapipe_landmarks/part_1_17383536861491344-WHO.npz
deaf,mediapipe_landmarks/part_7_deaf_20241119_172639_82.npz
right,mediapipe_landmarks/part_10_right_20241119_172651_112.npz
back,mediapipe_landmarks/part_6_back_video_6.npz
right,mediapipe_landmarks/part_10_right_20241119_172651_38.npz
shoot,mediapipe_landmarks/part_10_shoot_20241119_172653_2.npz
name,mediapipe_landmarks/part_9_name_9.npz
right,mediapipe_landmarks/part_10_right_20241119_172651_41.npz
pain,mediapipe_landmarks/part_1_054502038668710284-PAIN.npz
fire,mediapipe_landmarks/part_8_fire_video_7.npz
hurt,mediapipe_landmarks/part_9_hurt_video_20.npz
fs,mediapipe_landmarks/part_9_i_7_i_aug_32.npz
anyone,mediapipe_landmarks/part_2_2590930129006048-ANYONE.npz
careful,mediapipe_landmarks/part_2_25338466183689135-CAREFUL.npz
fs,mediapipe_landmarks/part_6_C • ASL Dictionary_c_aug_2.npz
accident,mediapipe_landmarks/part_3_4337179121121768-ACCIDENT.npz
doctor,mediapipe_landmarks/part_8_doctor_20241119_172640_37.npz
wait,mediapipe_landmarks/part_11_wait_11.npz
gun,mediapipe_landmarks/part_8_gun_20241119_172644_84.npz
nurse,mediapipe_landmarks/part_1_012919069503452452-NURSE.npz
know,mediapipe_landmarks/part_9_know_video_1.npz
right,mediapipe_landmarks/part_10_right_20241119_172651_98.npz
safe,mediapipe_landmarks/part_10_safe_5.npz
no,mediapipe_landmarks/part_5_8323715285073319-NO.npz
alarm,mediapipe_landmarks/part_1_09330664599587468-ALARM.npz
name,mediapipe_landmarks/part_4_5806721734598892-NAME.npz
hospital,mediapipe_landmarks/part_9_hospital_20241119_172645_1.npz
shoot,mediapipe_landmarks/part_10_shoot_20241119_172653_68.npz
hospital,mediapipe_landmarks/part_9_hospital_20241119_172645_17.npz
yes,mediapipe_landmarks/part_1_05574938180658928-YES.npz
hospital,mediapipe_landmarks/part_9_hospital_20241119_172645_36.npz
smoke,mediapipe_landmarks/part_5_7960848576845323-SMOKE.npz
hurt,mediapipe_landmarks/part_9_hurt_video_6.npz
shoot,mediapipe_landmarks/part_10_shoot_20241119_172653_75.npz
address,mediapipe_landmarks/part_5_7521454456372703-ADDRESS.npz
go,mediapipe_landmarks/part_8_go_video_7.npz
fs,mediapipe_landmarks/part_6_Y_y_aug_36.npz
breathe,mediapipe_landmarks/part_7_breathe_6.npz
shoot,mediapipe_landmarks/part_10_shoot_20241119_172653_81.npz
what,mediapipe_landmarks/part_11_what_20241119_172657_23.npz
help,mediapipe_landmarks/part_8_help_video_23.npz
smoke,mediapipe_landmarks/part_10_smoke_video_11.npz
drown,mediapipe_landmarks/part_8_drown_20241119_172640_11.npz
over,mediapipe_landmarks/part_4_6066139458985846-OVER.npz
front,mediapipe_landmarks/part_8_front_8.npz
smoke,mediapipe_landmarks/part_6_9575763838929325-SMOKE.npz
where,mediapipe_landmarks/part_1_12174913678763644-WHERE.npz
hardofhearing,mediapipe_landmarks/part_5_7546589598740778-HARD OF_HEARING.npz
fire,mediapipe_landmarks/part_3_4761158288512477-FIRE.npz
drown,mediapipe_landmarks/part_8_drown_20241119_172640_93.npz
stop,mediapipe_landmarks/part_11_stop_video_29.npz
bleed,mediapipe_landmarks/part_4_5856662858202657-BLEED.npz
need,mediapipe_landmarks/part_9_need_video_9.npz
hurt,mediapipe_landmarks/part_9_hurt_video_8.npz
deaf,mediapipe_landmarks/part_7_deaf_20241119_172639_24.npz
fingerspelling,mediapipe_landmarks/part_2_19710955640251648-FINGERSPELLING.npz
escape,mediapipe_landmarks/part_8_escape_1.npz
fire,mediapipe_landmarks/part_8_fire_video_2.npz
up,mediapipe_landmarks/part_2_3423078826780954-UP.npz
calltty,mediapipe_landmarks/part_5_8832764819774008-CALL TTY.npz
behind,mediapipe_landmarks/part_4_693069087553396-BEHIND.npz
understand,mediapipe_landmarks/part_6_9717361996927067-UNDERSTAND.npz
back,mediapipe_landmarks/part_6_back_8.npz
need,mediapipe_landmarks/part_4_5754719885013022-NEED.npz
ok,mediapipe_landmarks/part_6_9053628627532107-OK.npz
sign,mediapipe_landmarks/part_10_sign_video_0.npz
go,mediapipe_landmarks/part_8_go_video_40.npz
how,mediapipe_landmarks/part_9_how_20241119_172645_23.npz
water,mediapipe_landmarks/part_3_41194332281860335-WATER.npz
water,mediapipe_landmarks/part_6_H2O_video_1.npz
fs,mediapipe_landmarks/part_6_W_video_1.npz
address,mediapipe_landmarks/part_6_address_video_0.npz
why,mediapipe_landmarks/part_1_17485211510665932-WHY.npz
outside,mediapipe_landmarks/part_9_outside_11.npz
how,mediapipe_landmarks/part_9_how_20241119_172645_60.npz
right,mediapipe_landmarks/part_10_right_20241119_172651_8.npz
name,mediapipe_landmarks/part_9_name_video_3.npz
write,mediapipe_landmarks/part_3_4390289106690757-WRITE.npz
wait,mediapipe_landmarks/part_5_7613568684951131-WAIT.npz
hurt,mediapipe_landmarks/part_3_4024860767622749-HURT.npz
smoke,mediapipe_landmarks/part_5_8472289490080933-SMOKE.npz
deaf,mediapipe_landmarks/part_7_deaf_20241119_172639_60.npz
stop,mediapipe_landmarks/part_2_31921160795841863-STOP.npz
accident,mediapipe_landmarks/part_1_09218836326656632-ACCIDENT.npz
back,mediapipe_landmarks/part_4_6962599280659476-BACK.npz
tty,mediapipe_landmarks/part_6_9247848954354829-TTY.npz
go,mediapipe_landmarks/part_8_go_video_0.npz
why,mediapipe_landmarks/part_3_38099175964004983-WHY.npz
what,mediapipe_landmarks/part_11_what_20241119_172657_3.npz
hurt,mediapipe_landmarks/part_3_3640743046469448-HURT.npz
go,mediapipe_landmarks/part_8_go_10.npz
between,mediapipe_landmarks/part_3_4091943211753257-BETWEEN.npz
right,mediapipe_landmarks/part_10_right_20241119_172651_75.npz
right,mediapipe_landmarks/part_10_right_20241119_172651_108.npz
phone,mediapipe_landmarks/part_10_phone_video_9.npz
above,mediapipe_landmarks/part_6_above_4.npz
water,mediapipe_landmarks/part_5_8633906244621417-WATER.npz
who,mediapipe_landmarks/part_11_who_video_6.npz
fs,mediapipe_landmarks/part_6_C_video_0_c_aug_37.npz
interpreter,mediapipe_landmarks/part_4_5828146321580936-INTERPRETER.npz
gun,mediapipe_landmarks/part_8_gun_20241119_172644_5.npz
blood,mediapipe_landmarks/part_4_6086858295901769-BLOOD.npz
under,mediapipe_landmarks/part_1_1419927515653201-UNDER.npz
rescue,mediapipe_landmarks/part_2_3115693802886901-RESCUE.npz
stop,mediapipe_landmarks/part_6_9586306157625994-STOP.npz
interpreter,mediapipe_landmarks/part_3_5042625197582111-INTERPRETER.npz
read,mediapipe_landmarks/part_3_4124339150496943-READ.npz
gun,mediapipe_landmarks/part_8_gun_20241119_172644_79.npz
phone,mediapipe_landmarks/part_10_phone_video_6.npz
right,mediapipe_landmarks/part_10_right_20241119_172651_96.npz
right,mediapipe_landmarks/part_10_right_20241119_172651_27.npz
doctor,mediapipe_landmarks/part_8_doctor_20241119_172640_39.npz
understand,mediapipe_landmarks/part_5_7903893233633115-UNDERSTAND.npz
understand,mediapipe_landmarks/part_4_6605969835390502-UNDERSTAND.npz
interpreter,mediapipe_landmarks/part_4_6791230255732652-INTERPRETER.npz
drown,mediapipe_landmarks/part_8_drown_20241119_172641_6.npz
nurse,mediapipe_landmarks/part_9_nurse_video_1.npz
over,mediapipe_landmarks/part_5_885998765847994-OVER.npz
why,mediapipe_landmarks/part_3_41986547104124017-WHY.npz
no,mediapipe_landmarks/part_9_no_15.npz
callattention,mediapipe_landmarks/part_4_6454607698509167-CALL ATTENTION.npz
siren,mediapipe_landmarks/part_10_siren_3.npz
careful,mediapipe_landmarks/part_5_7496098783088307-CAREFUL.npz
stop,mediapipe_landmarks/part_11_stop_video_7.npz
read,mediapipe_landmarks/part_5_8679847374335452-READ.npz
above,mediapipe_landmarks/part_1_03778531631727455-ABOVE.npz
tty,mediapipe_landmarks/part_3_5325765389835295-TTY.npz
escape,mediapipe_landmarks/part_8_escape_video_5.npz
careful,mediapipe_landmarks/part_7_careful_6.npz
where,mediapipe_landmarks/part_1_09379414966671162-WHERE.npz
tty,mediapipe_landmarks/part_3_5113730442385012-TTY.npz
nurse,mediapipe_landmarks/part_4_7162851181535648-NURSE.npz
shoot,mediapipe_landmarks/part_10_shoot_20241119_172653_29.npz
hardofhearing,mediapipe_landmarks/part_5_8053525212814001-HARD OF_HEARING.npz
call,mediapipe_landmarks/part_7_call_20241119_172635_33.npz
deaf,mediapipe_landmarks/part_7_deaf_20241119_172639_16.npz
breathe,mediapipe_landmarks/part_5_8139495169350435-BREATHE.npz
between,mediapipe_landmarks/part_4_6592555651925611-BETWEEN.npz
write,mediapipe_landmarks/part_11_write_video_1.npz
escape,mediapipe_landmarks/part_2_2762487153437032-ESCAPE.npz
drown,mediapipe_landmarks/part_8_drown_20241119_172640_12.npz
why,mediapipe_landmarks/part_5_7885296477376487-WHY.npz
ok,mediapipe_landmarks/part_6_9179668481329466-OK.npz
up,mediapipe_landmarks/part_6_9510539228184098-UP.npz
anyone,mediapipe_landmarks/part_2_2831801404562706-ANYONE.npz
near,mediapipe_landmarks/part_5_872388253869564-NEAR.npz
read,mediapipe_landmarks/part_10_read_video_3.npz
near,mediapipe_landmarks/part_9_near_video_19.npz
name,mediapipe_landmarks/part_9_name_10.npz
fingerspell,mediapipe_landmarks/part_3_4121507590113387-FINGERSPELL.npz
back,mediapipe_landmarks/part_1_07598746238490839-seedBACK.npz
water,mediapipe_landmarks/part_3_414141284745577-WATER.npz
above,mediapipe_landmarks/part_6_above_video_7.npz
near,mediapipe_landmarks/part_4_6156301161942594-NEAR.npz
ok,mediapipe_landmarks/part_9_ok_6.npz
escape,mediapipe_landmarks/part_4_6685489806499276-ESCAPE.npz
interpreter,mediapipe_landmarks/part_1_014355229488112409-INTERPRETER.npz
fs,mediapipe_landmarks/part_6_J_video_3_j_aug_10.npz
outside,mediapipe_landmarks/part_1_02332021183512567-OUTSIDE.npz
over,mediapipe_landmarks/part_1_005841272586454727-OVER.npz
careful,mediapipe_landmarks/part_1_03172002732443846-CAREFUL.npz
go,mediapipe_landmarks/part_2_19142855644010948-GO.npz
sign,mediapipe_landmarks/part_1_05227033977936646-SIGN.npz
up,mediapipe_landmarks/part_2_2571676670148062-UP.npz
fire,mediapipe_landmarks/part_5_7943963951825788-FIRE.npz
name,mediapipe_landmarks/part_9_name_video_15.npz
yes,mediapipe_landmarks/part_11_yes_13.npz
write,mediapipe_landmarks/part_11_write_video_12.npz
why,mediapipe_landmarks/part_4_6392085873567048-WHY.npz
doctor,mediapipe_landmarks/part_8_doctor_20241119_172640_19.npz
now,mediapipe_landmarks/part_5_8807506945426973-NOW.npz
water,mediapipe_landmarks/part_6_H2O_video_2.npz
deaf,mediapipe_landmarks/part_7_deaf_20241119_172639_42.npz
understand,mediapipe_landmarks/part_2_27832701315476815-UNDERSTAND.npz
call,mediapipe_landmarks/part_7_call_20241119_172635_41.npz
front,mediapipe_landmarks/part_8_front_video_1.npz
write,mediapipe_landmarks/part_5_7326855771738956-WRITE.npz
stop,mediapipe_landmarks/part_11_stop_video_3.npz
why,mediapipe_landmarks/part_3_5236898172561582-WHY.npz
rescue,mediapipe_landmarks/part_5_7280733097353684-RESCUE.npz
ok,mediapipe_landmarks/part_5_777804314039809-OK.npz
shoot,mediapipe_landmarks/part_10_shoot_20241119_172653_10.npz
safe,mediapipe_landmarks/part_5_8504899219684945-SAFE.npz
fs,mediapipe_landmarks/part_6_K.npz
front,mediapipe_landmarks/part_4_5674162679513801-FRONT.npz
fs,mediapipe_landmarks/part_10_q_4_q_aug_7.npz
phone,mediapipe_landmarks/part_4_713197211004809-PHONE.npz
fs,mediapipe_landmarks/part_10_s_6_s_aug_1.npz
go,mediapipe_landmarks/part_5_7819362494402429-GO.npz
blood,mediapipe_landmarks/part_2_18891428051470993-BLOOD.npz
hospital,mediapipe_landmarks/part_9_hospital_20241119_172645_7.npz
fs,mediapipe_landmarks/part_6_A • ASL Dictionary_a_aug_5.npz
right,mediapipe_landmarks/part_10_right_20241119_172651_7.npz
accident,mediapipe_landmarks/part_3_39909914365475907-ACCIDENT.npz
interpreter,mediapipe_landmarks/part_4_6413291064413598-INTERPRETER.npz
shoot,mediapipe_landmarks/part_10_shoot_20241119_172653_65.npz
fingerspelling,mediapipe_landmarks/part_3_394777253505574-FINGERSPELLING.npz
go,mediapipe_landmarks/part_8_go_video_18.npz
how,mediapipe_landmarks/part_9_how_20241119_172645_54.npz
under,mediapipe_landmarks/part_1_07696367526651016-UNDER.npz
now,mediapipe_landmarks/part_9_now_22.npz
need,mediapipe_landmarks/part_9_need_17.npz
behind,mediapipe_landmarks/part_6_9874273036229548-BEHIND.npz
who,mediapipe_landmarks/part_4_6506737411983545-WHO.npz
fs,mediapipe_landmarks/part_6_X_x_aug_31.npz
go,mediapipe_landmarks/part_8_go_video_32.npz
what,mediapipe_landmarks/part_11_what_20241119_172657_6.npz
up,mediapipe_landmarks/part_11_up_video_10.npz
deaf,mediapipe_landmarks/part_7_deaf_20241119_172639_26.npz
drown,mediapipe_landmarks/part_8_drown_20241119_172640_96.npz
down,mediapipe_landmarks/part_8_down_video_22.npz
nurse,mediapipe_landmarks/part_2_23768874703193688-NURSE.npz
rescue,mediapipe_landmarks/part_5_8749849446412667-RESCUE.npz
phone,mediapipe_landmarks/part_5_8970937562330095-PHONE.npz
back,mediapipe_landmarks/part_6_back_video_14.npz
fs,mediapipe_landmarks/part_8_f_1_f_aug_17.npz
what,mediapipe_landmarks/part_11_what_20241119_172657_25.npz
gun,mediapipe_landmarks/part_8_gun_20241119_172644_75.npz
hurt,mediapipe_landmarks/part_9_hurt_video_11.npz
escape,mediapipe_landmarks/part_8_escape_video_6.npz
drown,mediapipe_landmarks/part_8_drown_20241119_172640_90.npz
need,mediapipe_landmarks/part_3_5297728342745216-NEED.npz
deaf,mediapipe_landmarks/part_7_deaf_20241119_172639_34.npz
fs,mediapipe_landmarks/part_10_r_video_3.npz
who,mediapipe_landmarks/part_11_who_video_2.npz
yes,mediapipe_landmarks/part_11_yes_18.npz
no,mediapipe_landmarks/part_9_no_video_1.npz
over,mediapipe_landmarks/part_2_18210913597967116-OVER.npz
anyone,mediapipe_landmarks/part_2_19720668760111892-ANYONE.npz
go,mediapipe_landmarks/part_8_go_video_1.npz
rescue,mediapipe_landmarks/part_4_5640430166458472-RESCUE.npz
shoot,mediapipe_landmarks/part_10_shoot_20241119_172653_47.npz
alarm,mediapipe_landmarks/part_1_07077736439458815-ALARM.npz
how,mediapipe_landmarks/part_9_how_20241119_172645_6.npz
deaf,mediapipe_landmarks/part_7_deaf_20241119_172639_14.npz
calltty,mediapipe_landmarks/part_2_19833344818691567-CALL TTY.npz
under,mediapipe_landmarks/part_3_505164771200701-UNDER.npz
shooting,mediapipe_landmarks/part_2_29547205850859326-SHOOTING.npz
name,mediapipe_landmarks/part_4_7157719195212653-NAME.npz
rescue,mediapipe_landmarks/part_10_rescue_1.npz
who,mediapipe_landmarks/part_11_who_video_7.npz
what,mediapipe_landmarks/part_11_what_20241119_172657_19.npz
yes,mediapipe_landmarks/part_6_9782863224987515-YES.npz
right,mediapipe_landmarks/part_10_right_20241119_172651_87.npz
gun,mediapipe_landmarks/part_8_gun_20241119_172644_10.npz
deaf,mediapipe_landmarks/part_7_deaf_20241119_172639_48.npz
what,mediapipe_landmarks/part_11_what_20241119_172657_7.npz
drown,mediapipe_landmarks/part_8_drown_20241119_172640_77.npz
fingerspell,mediapipe_landmarks/part_1_00250137222113489-FINGERSPELL.npz
escape,mediapipe_landmarks/part_8_escape_10.npz
bleed,mediapipe_landmarks/part_7_bleed_video_0.npz
shoot,mediapipe_landmarks/part_10_shoot_20241119_172653_26.npz
sign,mediapipe_landmarks/part_1_01970799737038642-SIGN.npz
call,mediapipe_landmarks/part_7_call_20241119_172635_46.npz
smoke,mediapipe_landmarks/part_10_smoke_video_10.npz
gun,mediapipe_landmarks/part_8_gun_20241119_172644_45.npz
write,mediapipe_landmarks/part_11_write_video_10.npz
callattention,mediapipe_landmarks/part_5_8495872436078358-CALL ATTENTION.npz
read,mediapipe_landmarks/part_1_05214904253811725-READ.npz
call,mediapipe_landmarks/part_7_call_20241119_172635_50.npz
address,mediapipe_landmarks/part_6_address_video_11.npz
safe,mediapipe_landmarks/part_10_safe_11.npz
alarm,mediapipe_landmarks/part_6_9015201278110361-ALARM.npz
gun,mediapipe_landmarks/part_8_gun_20241119_172644_17.npz
doctor,mediapipe_landmarks/part_8_doctor_20241119_172640_78.npz
sick,mediapipe_landmarks/part_10_sick_1.npz
anyone,mediapipe_landmarks/part_3_4993288821586179-ANYONE.npz
blood,mediapipe_landmarks/part_2_2474171123250788-BLOOD.npz
go,mediapipe_landmarks/part_8_go_video_46.npz
help,mediapipe_landmarks/part_8_help_video_18.npz
near,mediapipe_landmarks/part_3_5297196737430638-NEAR.npz
what,mediapipe_landmarks/part_11_what_20241119_172657_66.npz
fire,mediapipe_landmarks/part_5_8772224383748677-FIRE.npz
stop,mediapipe_landmarks/part_1_10938335699122836-STOP.npz
understand,mediapipe_landmarks/part_1_1376861841044581-UNDERSTAND.npz
safe,mediapipe_landmarks/part_10_safe_0.npz
help,mediapipe_landmarks/part_8_help_16.npz
pain,mediapipe_landmarks/part_3_41903857571087433-PAIN.npz
yes,mediapipe_landmarks/part_3_5327840336837257-YES.npz
nurse,mediapipe_landmarks/part_3_385566161431139-NURSE.npz
danger,mediapipe_landmarks/part_3_40445960595162034-DANGER.npz
water,mediapipe_landmarks/part_6_H2O_video_8.npz
what,mediapipe_landmarks/part_11_what_20241119_172657_62.npz
wait,mediapipe_landmarks/part_11_wait_video_2.npz
down,mediapipe_landmarks/part_3_3937353447121881-DOWN.npz
go,mediapipe_landmarks/part_8_go_video_20.npz
behind,mediapipe_landmarks/part_4_6383448960849363-BEHIND.npz
gun,mediapipe_landmarks/part_8_gun_20241119_172644_76.npz
doctor,mediapipe_landmarks/part_8_doctor_20241119_172640_72.npz
sign,mediapipe_landmarks/part_10_sign_video_1.npz
inside,mediapipe_landmarks/part_3_3867933318418779-INSIDE.npz
when,mediapipe_landmarks/part_4_6225121332593893-WHEN.npz
outside,mediapipe_landmarks/part_1_05343829958910762-OUTSIDE.npz
between,mediapipe_landmarks/part_2_2625423941921148-BETWEEN.npz
inside,mediapipe_landmarks/part_2_21715285598830092-INSIDE.npz
behind,mediapipe_landmarks/part_7_behind_15.npz
safe,mediapipe_landmarks/part_10_safe_video_1.npz
hurt,mediapipe_landmarks/part_9_hurt_video_4.npz
call,mediapipe_landmarks/part_7_call_20241119_172635_3.npz
fs,mediapipe_landmarks/part_6_D_video_1_d_aug_32.npz
back,mediapipe_landmarks/part_6_back_video_17.npz
fs,mediapipe_landmarks/part_9_m_2_m_aug_17.npz
wait,mediapipe_landmarks/part_6_9595840152815802-seedWAIT.npz
down,mediapipe_landmarks/part_2_26195343019974393-DOWN.npz
near,mediapipe_landmarks/part_6_9166220101554237-NEAR.npz
callattention,mediapipe_landmarks/part_5_8562857816473985-CALL ATTENTION.npz
right,mediapipe_landmarks/part_10_right_20241119_172651_45.npz
how,mediapipe_landmarks/part_9_how_20241119_172645_68.npz
drown,mediapipe_landmarks/part_8_drown_20241119_172640_99.npz
front,mediapipe_landmarks/part_1_11930267981998632-FRONT.npz
up,mediapipe_landmarks/part_6_966157574877937-UP.npz
blood,mediapipe_landmarks/part_1_025713906446628743-BLOOD.npz
down,mediapipe_landmarks/part_8_down_video_26.npz
behind,mediapipe_landmarks/part_3_5117496125014935-BEHIND.npz
shooting,mediapipe_landmarks/part_1_17384757904244874-SHOOTING.npz
near,mediapipe_landmarks/part_9_near_video_0.npz
water,mediapipe_landmarks/part_4_6216809763132565-WATER.npz
fs,mediapipe_landmarks/part_8_f_2_f_aug_6.npz
right,mediapipe_landmarks/part_10_right_20241119_172651_26.npz
rescue,mediapipe_landmarks/part_10_rescue_6.npz
fs,mediapipe_landmarks/part_6_b_4_b_aug_0.npz
interpreter,mediapipe_landmarks/part_4_683566604486493-INTERPRETER.npz
ok,mediapipe_landmarks/part_5_8444466395156511-OK.npz
safe,mediapipe_landmarks/part_5_7294186462212697-seedSAFE.npz
hurt,mediapipe_landmarks/part_4_6798727816721306-HURT.npz
tty,mediapipe_landmarks/part_4_5704305250282737-TTY.npz
hurt,mediapipe_landmarks/part_9_hurt_video_12.npz
write,mediapipe_landmarks/part_11_write_3.npz
stop,mediapipe_landmarks/part_11_stop_video_16.npz
no,mediapipe_landmarks/part_2_3247833356457248-NO.npz
careful,mediapipe_landmarks/part_3_48334618779078675-CAREFUL.npz
drown,mediapipe_landmarks/part_8_drown_20241119_172640_131.npz
gun,mediapipe_landmarks/part_8_gun_20241119_172644_20.npz
nurse,mediapipe_landmarks/part_9_nurse_video_9.npz
outside,mediapipe_landmarks/part_9_outside_13.npz
go,mediapipe_landmarks/part_8_go_video_31.npz
help,mediapipe_landmarks/part_8_help_video_24.npz
left,mediapipe_landmarks/part_9_left_12.npz
know,mediapipe_landmarks/part_5_8305026742098571-KNOW.npz
shoot,mediapipe_landmarks/part_10_shoot_20241119_172653_30.npz
above,mediapipe_landmarks/part_6_above_video_10.npz
shoot,mediapipe_landmarks/part_10_shoot_20241119_172653_77.npz
wait,mediapipe_landmarks/part_11_wait_video_6.npz
pain,mediapipe_landmarks/part_1_09233581892673359-PAIN.npz
sign,mediapipe_landmarks/part_5_8877340171713295-SIGN.npz
left,mediapipe_landmarks/part_5_8158029449077404-LEFT.npz
fs,mediapipe_landmarks/part_7_c_3_c_aug_11.npz
fs,mediapipe_landmarks/part_9_j_7_j_aug_29.npz
hurt,mediapipe_landmarks/part_6_9086920406108443-HURT.npz
calltty,mediapipe_landmarks/part_4_5771544176331973-CALL TTY.npz
alarm,mediapipe_landmarks/part_2_32967735523691566-ALARM.npz
where,mediapipe_landmarks/part_3_5194308575650113-WHERE.npz
drown,mediapipe_landmarks/part_8_drown_20241119_172641_9.npz
between,mediapipe_landmarks/part_3_5271337915127323-BETWEEN.npz
fs,mediapipe_landmarks/part_6_W_video_3_w_aug_32.npz
gun,mediapipe_landmarks/part_8_gun_20241119_172644_33.npz
stop,mediapipe_landmarks/part_11_stop_11.npz
between,mediapipe_landmarks/part_5_7497145973602382-BETWEEN.npz
sick,mediapipe_landmarks/part_2_2393498289810021-SICK.npz
how,mediapipe_landmarks/part_9_how_20241119_172645_10.npz
doctor,mediapipe_landmarks/part_8_doctor_20241119_172640_25.npz
gun,mediapipe_landmarks/part_8_gun_20241119_172644_53.npz
alarm,mediapipe_landmarks/part_2_24806687466559918-ALARM.npz
left,mediapipe_landmarks/part_3_5254962115430386-LEFT.npz
drown,mediapipe_landmarks/part_8_drown_20241119_172640_86.npz
shoot,mediapipe_landmarks/part_10_shoot_20241119_172653_7.npz
call,mediapipe_landmarks/part_7_call_20241119_172635.npz
fingerspelling,mediapipe_landmarks/part_8_fingerspell_video_2.npz
near,mediapipe_landmarks/part_9_near_video_20.npz
how,mediapipe_landmarks/part_9_how_20241119_172645_67.npz
when,mediapipe_landmarks/part_2_19039558672419843-WHEN.npz
behind,mediapipe_landmarks/part_3_3868802672540126-BEHIND.npz
under,mediapipe_landmarks/part_4_6547434876589397-UNDER.npz
fs,mediapipe_landmarks/part_8_g_6_g_aug_1.npz
smoke,mediapipe_landmarks/part_5_8270919931455978-SMOKE.npz
address,mediapipe_landmarks/part_5_7405127658973656-ADDRESS.npz
what,mediapipe_landmarks/part_11_what_20241119_172657_83.npz
blood,mediapipe_landmarks/part_2_25363523215660067-BLOOD.npz
bleed,mediapipe_landmarks/part_2_242797994144909-BLEED.npz
address,mediapipe_landmarks/part_6_address_video_3.npz
left,mediapipe_landmarks/part_9_left_video_2.npz
hospital,mediapipe_landmarks/part_9_hospital_20241119_172645_64.npz
fs,mediapipe_landmarks/part_6_V • ASL Dictionary_v_aug_23.npz
doctor,mediapipe_landmarks/part_8_doctor_20241119_172640_34.npz
near,mediapipe_landmarks/part_5_8948727969464061-NEAR.npz
address,mediapipe_landmarks/part_2_2054896914002038-ADDRESS.npz
right,mediapipe_landmarks/part_10_right_20241119_172651.npz
go,mediapipe_landmarks/part_8_go_1.npz
go,mediapipe_landmarks/part_2_22762374635521176-GO.npz
help,mediapipe_landmarks/part_6_9203747770494983-HELP.npz
how,mediapipe_landmarks/part_9_how_20241119_172645_20.npz
hurt,mediapipe_landmarks/part_9_hurt_video_16.npz
call,mediapipe_landmarks/part_7_call_20241119_172635_24.npz
fs,mediapipe_landmarks/part_6_a_6_a_aug_24.npz
sign,mediapipe_landmarks/part_1_1656110224741969-SIGN.npz
fs,mediapipe_landmarks/part_6_N.npz
drown,mediapipe_landmarks/part_8_drown_20241119_172640_120.npz
hurt,mediapipe_landmarks/part_9_hurt_video_3.npz
right,mediapipe_landmarks/part_10_right_20241119_172651_80.npz
fingerspell,mediapipe_landmarks/part_1_1264923619035927-FINGERSPELL.npz
know,mediapipe_landmarks/part_9_know_1.npz
read,mediapipe_landmarks/part_1_11695712459013086-READ.npz
shoot,mediapipe_landmarks/part_10_shoot_20241119_172653_52.npz
need,mediapipe_landmarks/part_5_8882151630852417-NEED.npz
shoot,mediapipe_landmarks/part_10_shoot_20241119_172653_48.npz
no,mediapipe_landmarks/part_3_5328649685588343-NO.npz
danger,mediapipe_landmarks/part_7_danger_1.npz
help,mediapipe_landmarks/part_8_help_14.npz
stop,mediapipe_landmarks/part_1_1461467422069449-STOP.npz
right,mediapipe_landmarks/part_10_right_20241119_172651_10.npz
fire,mediapipe_landmarks/part_8_fire_video_9.npz
how,mediapipe_landmarks/part_9_how_20241119_172645_81.npz
under,mediapipe_landmarks/part_6_9366553386825931-UNDER.npz
yes,mediapipe_landmarks/part_3_38970444942928073-YES.npz
fire,mediapipe_landmarks/part_2_33181514253916067-FIRE.npz
fs,mediapipe_landmarks/part_6_E_video_0.npz
danger,mediapipe_landmarks/part_1_04877397666882621-DANGER.npz
right,mediapipe_landmarks/part_10_right_20241119_172651_29.npz
now,mediapipe_landmarks/part_9_now_2.npz
down,mediapipe_landmarks/part_4_7165540032621516-DOWN.npz
left,mediapipe_landmarks/part_3_3596096190769984-LEFT.npz
now,mediapipe_landmarks/part_9_now_13.npz
what,mediapipe_landmarks/part_11_what_20241119_172657_50.npz
how,mediapipe_landmarks/part_9_how_20241119_172645_39.npz
go,mediapipe_landmarks/part_8_go_11.npz
deaf,mediapipe_landmarks/part_7_deaf_20241119_172639_2.npz
know,mediapipe_landmarks/part_1_0932553475843072-KNOW.npz
up,mediapipe_landmarks/part_11_up_video_9.npz
fs,mediapipe_landmarks/part_6_T_video_1_t_aug_31.npz
pain,mediapipe_landmarks/part_2_23654051116994124-PAIN.npz
phone,mediapipe_landmarks/part_3_4128503178942291-PHONE.npz
fs,mediapipe_landmarks/part_8_e_2_e_aug_1.npz
gun,mediapipe_landmarks/part_8_gun_20241119_172644_78.npz
smoke,mediapipe_landmarks/part_3_5226518197222632-SMOKE.npz
call,mediapipe_landmarks/part_7_call_20241119_172635_44.npz
breathe,mediapipe_landmarks/part_1_14496151079251085-BREATHE.npz
sign,mediapipe_landmarks/part_3_48210177619225436-SIGN.npz
drown,mediapipe_landmarks/part_8_drown_20241119_172640_16.npz
write,mediapipe_landmarks/part_1_0940927928215547-WRITE.npz
tty,mediapipe_landmarks/part_3_3911128345468833-TTY.npz
how,mediapipe_landmarks/part_9_how_20241119_172645_78.npz
deaf,mediapipe_landmarks/part_7_deaf_20241119_172639_57.npz
now,mediapipe_landmarks/part_6_agora_video_0.npz
over,mediapipe_landmarks/part_9_over_11.npz
yes,mediapipe_landmarks/part_2_32941176670637984-YES.npz
help,mediapipe_landmarks/part_3_4206186890939383-HELP.npz
sick,mediapipe_landmarks/part_4_6714893583747881-SICK.npz
hurt,mediapipe_landmarks/part_9_hurt_video_23.npz
ok,mediapipe_landmarks/part_5_8271131552601028-OK.npz
deaf,mediapipe_landmarks/part_7_deaf_20241119_172639_55.npz
who,mediapipe_landmarks/part_5_803567742919048-WHO.npz
pain,mediapipe_landmarks/part_4_7082903481857168-PAIN.npz
know,mediapipe_landmarks/part_9_know_7.npz
go,mediapipe_landmarks/part_8_go_26.npz
calltty,mediapipe_landmarks/part_2_3256030268720562-CALL TTY.npz
now,mediapipe_landmarks/part_9_now_18.npz
gun,mediapipe_landmarks/part_8_gun_20241119_172644_43.npz
write,mediapipe_landmarks/part_4_5450162845815001-seedWRITE.npz
fs,mediapipe_landmarks/part_6_P_video_1.npz
blood,mediapipe_landmarks/part_7_blood_4.npz
deaf,mediapipe_landmarks/part_7_deaf_20241119_172639_77.npz
shoot,mediapipe_landmarks/part_10_shoot_20241119_172653_1.npz
address,mediapipe_landmarks/part_6_address.npz
understand,mediapipe_landmarks/part_2_2374155228317818-UNDERSTAND.npz
hardofhearing,mediapipe_landmarks/part_4_6549947482110516-HARD OF_HEARING.npz
safe,mediapipe_landmarks/part_4_6842100606252437-SAFE.npz
pain,mediapipe_landmarks/part_2_22435635173558466-seedPAIN.npz
write,mediapipe_landmarks/part_11_write_8.npz
safe,mediapipe_landmarks/part_3_3962702126479418-SAFE.npz
doctor,mediapipe_landmarks/part_8_doctor_20241119_172640_50.npz
smoke,mediapipe_landmarks/part_10_smoke_video_5.npz
shoot,mediapipe_landmarks/part_10_shoot_20241119_172653_35.npz
up,mediapipe_landmarks/part_11_up_video_8.npz
now,mediapipe_landmarks/part_5_7347421058535237-NOW.npz
what,mediapipe_landmarks/part_11_what_20241119_172657_75.npz
deaf,mediapipe_landmarks/part_7_deaf_20241119_172639_10.npz
what,mediapipe_landmarks/part_11_what_20241119_172657_85.npz
under,mediapipe_landmarks/part_11_under_video_2.npz
go,mediapipe_landmarks/part_8_go_24.npz
accident,mediapipe_landmarks/part_6_accident_3.npz
what,mediapipe_landmarks/part_11_what_20241119_172657_17.npz
phone,mediapipe_landmarks/part_3_3677102000223409-PHONE.npz
where,mediapipe_landmarks/part_2_2868358953291379-WHERE.npz
under,mediapipe_landmarks/part_6_9492951959444107-UNDER.npz
name,mediapipe_landmarks/part_9_name_video_11.npz
down,mediapipe_landmarks/part_8_down_video_3.npz
inside,mediapipe_landmarks/part_4_5977284961728762-INSIDE.npz
hospital,mediapipe_landmarks/part_9_hospital_20241119_172645_44.npz
left,mediapipe_landmarks/part_5_7261142484756367-LEFT.npz
shooting,mediapipe_landmarks/part_3_4284243642405592-SHOOTING.npz
gun,mediapipe_landmarks/part_8_gun_20241119_172644_47.npz
fire,mediapipe_landmarks/part_3_38347108961049114-FIRE.npz
fs,mediapipe_landmarks/part_8_e_8_e_aug_28.npz
hurt,mediapipe_landmarks/part_2_24503491036116554-HURT.npz
up,mediapipe_landmarks/part_6_9964545639510212-UP.npz
fire,mediapipe_landmarks/part_8_fire_video_11.npz
nurse,mediapipe_landmarks/part_4_6534113170163192-NURSE.npz
why,mediapipe_landmarks/part_11_why_5.npz
hospital,mediapipe_landmarks/part_9_hospital_20241119_172645_69.npz
shooting,mediapipe_landmarks/part_3_5233256195966556-SHOOTING.npz
call,mediapipe_landmarks/part_7_call_20241119_172635_51.npz
what,mediapipe_landmarks/part_11_what_20241119_172657_45.npz
nurse,mediapipe_landmarks/part_2_30952014019337204-NURSE.npz
alarm,mediapipe_landmarks/part_4_6924022303625927-ALARM.npz
how,mediapipe_landmarks/part_9_how_20241119_172645_70.npz
accident,mediapipe_landmarks/part_6_accident_4.npz
go,mediapipe_landmarks/part_5_7642911134092343-seedGO.npz
gun,mediapipe_landmarks/part_8_gun_20241119_172644_11.npz
gun,mediapipe_landmarks/part_8_gun_20241119_172644_49.npz
sick,mediapipe_landmarks/part_10_sickout_video_0.npz
when,mediapipe_landmarks/part_11_when_4.npz
know,mediapipe_landmarks/part_4_5769834749413745-KNOW.npz
what,mediapipe_landmarks/part_11_what_20241119_172657_31.npz
danger,mediapipe_landmarks/part_1_12445962928092458-DANGER.npz
understand,mediapipe_landmarks/part_6_9618610602589022-UNDERSTAND.npz
inside,mediapipe_landmarks/part_9_inside_video_4.npz
rescue,mediapipe_landmarks/part_3_3907480152359877-RESCUE.npz
hurt,mediapipe_landmarks/part_9_hurt_video_10.npz
escape,mediapipe_landmarks/part_5_7894738931299394-ESCAPE.npz
address,mediapipe_landmarks/part_2_2697201776321487-ADDRESS.npz
fire,mediapipe_landmarks/part_5_847617849239847-FIRE.npz
fs,mediapipe_landmarks/part_6_M_m_aug_12.npz
how,mediapipe_landmarks/part_9_how_20241119_172645_28.npz
back,mediapipe_landmarks/part_6_back_video_5.npz
doctor,mediapipe_landmarks/part_8_doctor_20241119_172640_59.npz
near,mediapipe_landmarks/part_5_794387128826012-NEAR.npz
calltty,mediapipe_landmarks/part_1_15029837796575918-CALL TTY.npz
water,mediapipe_landmarks/part_6_9541613491243199-WATER.npz
fs,mediapipe_landmarks/part_8_f_3_f_aug_32.npz
call,mediapipe_landmarks/part_7_call_20241119_172635_81.npz
wait,mediapipe_landmarks/part_11_wait_4.npz
now,mediapipe_landmarks/part_4_6254864635409909-NOW.npz
over,mediapipe_landmarks/part_9_over_video_2.npz
write,mediapipe_landmarks/part_11_write_video_8.npz
callattention,mediapipe_landmarks/part_2_2132886747264624-seedCALL ATTENTION.npz
shooting,mediapipe_landmarks/part_3_3753906652975558-SHOOTING.npz
drown,mediapipe_landmarks/part_8_drown_20241119_172640_23.npz
down,mediapipe_landmarks/part_4_6034625259296462-DOWN.npz
yes,mediapipe_landmarks/part_11_yes_video_14.npz
understand,mediapipe_landmarks/part_11_understand_video_6.npz
fs,mediapipe_landmarks/part_9_i_3_i_aug_30.npz
down,mediapipe_landmarks/part_8_down_8.npz
back,mediapipe_landmarks/part_1_14535218650484594-BACK.npz
sign,mediapipe_landmarks/part_6_9430816472530015-SIGN.npz
interpreter,mediapipe_landmarks/part_5_7800453060473915-INTERPRETER.npz
help,mediapipe_landmarks/part_8_help_4.npz
how,mediapipe_landmarks/part_9_how_20241119_172645_63.npz
smoke,mediapipe_landmarks/part_5_8810051078355547-SMOKE.npz
need,mediapipe_landmarks/part_6_951965116580737-NEED.npz
read,mediapipe_landmarks/part_6_9629079342867501-READ.npz
need,mediapipe_landmarks/part_5_7657802804409537-NEED.npz
fs,mediapipe_landmarks/part_9_i_7_i_aug_22.npz
drown,mediapipe_landmarks/part_8_drown_20241119_172640_7.npz
phone,mediapipe_landmarks/part_10_phone_video_7.npz
bleed,mediapipe_landmarks/part_7_bleed.npz
fs,mediapipe_landmarks/part_6_X_video_1_x_aug_33.npz
yes,mediapipe_landmarks/part_5_8977694836593926-YES.npz
right,mediapipe_landmarks/part_10_right_20241119_172651_99.npz
fs,mediapipe_landmarks/part_6_Z_video_2.npz
fingerspelling,mediapipe_landmarks/part_4_5916408630424013-FINGERSPELLING.npz
fs,mediapipe_landmarks/part_6_D_video_1.npz
when,mediapipe_landmarks/part_3_48576039738055954-WHEN.npz
how,mediapipe_landmarks/part_9_how_20241119_172645_82.npz
escape,mediapipe_landmarks/part_6_9829326964380243-ESCAPE.npz
help,mediapipe_landmarks/part_8_help_video_8.npz
help,mediapipe_landmarks/part_8_help_video_13.npz
what,mediapipe_landmarks/part_11_what_20241119_172657_12.npz
no,mediapipe_landmarks/part_3_5372668319999747-NO.npz
sick,mediapipe_landmarks/part_10_sick_6.npz
fs,mediapipe_landmarks/part_6_B_video_1_b_aug_24.npz
between,mediapipe_landmarks/part_7_between_6.npz
no,mediapipe_landmarks/part_9_no_video_7.npz
fire,mediapipe_landmarks/part_8_fire_video_0.npz
drown,mediapipe_landmarks/part_8_drown_20241119_172640_60.npz
stop,mediapipe_landmarks/part_11_stop_video_14.npz
up,mediapipe_landmarks/part_2_22522888097403992-UP.npz
what,mediapipe_landmarks/part_11_what_20241119_172657_39.npz
doctor,mediapipe_landmarks/part_8_doctor_20241119_173205.npz
no,mediapipe_landmarks/part_9_no_20.npz
drown,mediapipe_landmarks/part_8_drown_20241119_172640_34.npz
drown,mediapipe_landmarks/part_8_drown_20241119_172640_46.npz
nurse,mediapipe_landmarks/part_9_nurse_video_7.npz
help,mediapipe_landmarks/part_8_help_video_3.npz
need,mediapipe_landmarks/part_5_8172430267718573-seedNEED.npz
hurt,mediapipe_landmarks/part_9_hurt_video_24.npz
where,mediapipe_landmarks/part_11_where_video_8.npz
hardofhearing,mediapipe_landmarks/part_4_6994626907938717-HARD OF_HEARING.npz
doctor,mediapipe_landmarks/part_8_doctor_20241119_172640_40.npz
hardofhearing,mediapipe_landmarks/part_6_921832937357298-HARD OF_HEARING.npz
anyone,mediapipe_landmarks/part_2_35130266967671253-ANYONE.npz
gun,mediapipe_landmarks/part_8_gun_20241119_172644_86.npz
phone,mediapipe_landmarks/part_10_phone_10.npz
help,mediapipe_landmarks/part_8_help_8.npz
inside,mediapipe_landmarks/part_5_7215281985069719-INSIDE.npz
help,mediapipe_landmarks/part_8_help.npz
fire,mediapipe_landmarks/part_8_fire_video_10.npz
stop,mediapipe_landmarks/part_11_stop_video_24.npz
interpreter,mediapipe_landmarks/part_9_interpreter_video_0.npz
help,mediapipe_landmarks/part_3_44817736125778374-HELP.npz
escape,mediapipe_landmarks/part_8_escape_video_1.npz
siren,mediapipe_landmarks/part_10_siren_8.npz
when,mediapipe_landmarks/part_11_when_13.npz
call,mediapipe_landmarks/part_7_call_20241119_172635_57.npz
front,mediapipe_landmarks/part_5_8065542483658323-FRONT.npz
fs,mediapipe_landmarks/part_6_U_video_2_u_aug_17.npz
name,mediapipe_landmarks/part_9_name_video_16.npz
fs,mediapipe_landmarks/part_9_j_7_j_aug_6.npz
call,mediapipe_landmarks/part_7_call_20241119_172635_55.npz
escape,mediapipe_landmarks/part_8_escape_11.npz
breathe,mediapipe_landmarks/part_7_breathe_video_1.npz
call,mediapipe_landmarks/part_7_call_20241119_172635_15.npz
escape,mediapipe_landmarks/part_3_45803339806985366-ESCAPE.npz
what,mediapipe_landmarks/part_11_what_20241119_172657_28.npz
over,mediapipe_landmarks/part_9_over_video_4.npz
right,mediapipe_landmarks/part_10_right_20241119_172651_40.npz
doctor,mediapipe_landmarks/part_8_doctor_20241119_172640_69.npz
doctor,mediapipe_landmarks/part_8_doctor_20241119_172640_81.npz
alarm,mediapipe_landmarks/part_4_6246629492324272-ALARM.npz
what,mediapipe_landmarks/part_11_what_20241119_172657_58.npz
near,mediapipe_landmarks/part_2_23772686403669718-NEAR.npz
deaf,mediapipe_landmarks/part_7_deaf_20241119_172639_9.npz
doctor,mediapipe_landmarks/part_8_doctor_20241119_172640_10.npz
right,mediapipe_landmarks/part_10_right_20241119_172651_111.npz
who,mediapipe_landmarks/part_2_21560081346679438-WHO.npz
help,mediapipe_landmarks/part_8_help_15.npz
near,mediapipe_landmarks/part_5_824925993024-NEAR.npz
need,mediapipe_landmarks/part_5_8022209797799162-NEED.npz
write,mediapipe_landmarks/part_1_16452616343668436-WRITE.npz
callattention,mediapipe_landmarks/part_5_7349481627041083-CALL ATTENTION.npz
what,mediapipe_landmarks/part_11_what_20241119_172657_61.npz
right,mediapipe_landmarks/part_10_right_20241119_172651_59.npz
deaf,mediapipe_landmarks/part_7_deaf_20241119_172639_11.npz
back,mediapipe_landmarks/part_2_21472948622013677-BACK.npz
callattention,mediapipe_landmarks/part_4_6126110364670811-CALL ATTENTION.npz
behind,mediapipe_landmarks/part_7_behind_video_19.npz
outside,mediapipe_landmarks/part_1_06477303833996939-OUTSIDE.npz
what,mediapipe_landmarks/part_11_what_20241119_172657_26.npz
back,mediapipe_landmarks/part_3_36922218250666106-BACK.npz
what,mediapipe_landmarks/part_11_what_20241119_172657_44.npz
read,mediapipe_landmarks/part_2_21828575560875674-READ.npz
need,mediapipe_landmarks/part_9_need_15.npz
left,mediapipe_landmarks/part_3_5001868882913791-LEFT.npz
behind,mediapipe_landmarks/part_2_19629536152101523-BEHIND.npz
gun,mediapipe_landmarks/part_8_gun_20241119_172644_100.npz
where,mediapipe_landmarks/part_4_6997365376367899-WHERE.npz
interpreter,mediapipe_landmarks/part_2_22886884557885012-INTERPRETER.npz
why,mediapipe_landmarks/part_11_why_video_9.npz
accident,mediapipe_landmarks/part_2_3056853851535579-ACCIDENT.npz
shoot,mediapipe_landmarks/part_10_shoot_20241119_172653_8.npz
above,mediapipe_landmarks/part_6_above_video_1.npz
when,mediapipe_landmarks/part_11_when_15.npz
front,mediapipe_landmarks/part_8_front_video_10.npz
ok,mediapipe_landmarks/part_5_7305424734559558-OK.npz
fs,mediapipe_landmarks/part_7_d_1_d_aug_21.npz
what,mediapipe_landmarks/part_11_what_20241119_172657_47.npz
accident,mediapipe_landmarks/part_2_2564008903644184-ACCIDENT.npz
over,mediapipe_landmarks/part_4_6401534108055456-OVER.npz
why,mediapipe_landmarks/part_2_1861131167759893-WHY.npz
outside,mediapipe_landmarks/part_5_8628112408945923-OUTSIDE.npz
go,mediapipe_landmarks/part_8_go_video_34.npz
fingerspelling,mediapipe_landmarks/part_8_fingerspell_video_1.npz
nurse,mediapipe_landmarks/part_3_3594137146457719-NURSE.npz
pain,mediapipe_landmarks/part_2_2531134404714388-PAIN.npz
ok,mediapipe_landmarks/part_3_4915547930463213-OK.npz
address,mediapipe_landmarks/part_3_4765274394549357-ADDRESS.npz
gun,mediapipe_landmarks/part_8_gun_20241119_172644_85.npz
gun,mediapipe_landmarks/part_8_gun_20241119_172644_96.npz
drown,mediapipe_landmarks/part_8_drown_20241119_172640_130.npz
tty,mediapipe_landmarks/part_2_23547578203976838-TTY.npz
back,mediapipe_landmarks/part_6_back_video_29.npz
wait,mediapipe_landmarks/part_5_8220736980572507-WAIT.npz
down,mediapipe_landmarks/part_8_down_3.npz
doctor,mediapipe_landmarks/part_8_doctor_20241119_172640_56.npz
know,mediapipe_landmarks/part_9_know_video_0.npz
read,mediapipe_landmarks/part_3_486521679239563-READ.npz
fingerspelling,mediapipe_landmarks/part_3_43483738811711325-FINGERSPELLING.npz
left,mediapipe_landmarks/part_9_left_video_3.npz
drown,mediapipe_landmarks/part_8_drown_20241119_172640_27.npz
left,mediapipe_landmarks/part_9_left_14.npz
write,mediapipe_landmarks/part_5_7389026313346527-WRITE.npz
behind,mediapipe_landmarks/part_3_4022752315043807-BEHIND.npz
shoot,mediapipe_landmarks/part_10_shoot_20241119_172653_12.npz
doctor,mediapipe_landmarks/part_8_doctor_20241119_172640_82.npz
know,mediapipe_landmarks/part_9_know_13.npz
drown,mediapipe_landmarks/part_8_drown_20241119_172640_129.npz
water,mediapipe_landmarks/part_2_28568822555970064-WATER.npz
alarm,mediapipe_landmarks/part_6_alarm_3.npz
go,mediapipe_landmarks/part_4_6413893522655711-GO.npz
hurt,mediapipe_landmarks/part_6_916464465181106-HURT.npz
up,mediapipe_landmarks/part_5_8402735762058007-UP.npz
danger,mediapipe_landmarks/part_1_07181852759039953-DANGER.npz
left,mediapipe_landmarks/part_5_8047526204785291-LEFT.npz
behind,mediapipe_landmarks/part_4_6570419734971094-BEHIND.npz
go,mediapipe_landmarks/part_3_5363852654946244-GO.npz
above,mediapipe_landmarks/part_6_above.npz
anyone,mediapipe_landmarks/part_3_5166467740266834-ANYONE.npz
doctor,mediapipe_landmarks/part_8_doctor_20241119_172640_29.npz
drown,mediapipe_landmarks/part_8_drown_20241119_172640_134.npz
what,mediapipe_landmarks/part_11_what_20241119_172657_82.npz
fingerspell,mediapipe_landmarks/part_2_24036394897001134-FINGERSPELL.npz
water,mediapipe_landmarks/part_1_0020247732352038916-WATER.npz
hospital,mediapipe_landmarks/part_9_hospital_20241119_172645_19.npz
accident,mediapipe_landmarks/part_6_accident_5.npz
fs,mediapipe_landmarks/part_6_K_video_2.npz
left,mediapipe_landmarks/part_2_19309455807499787-LEFT.npz
what,mediapipe_landmarks/part_11_what_20241119_172657_74.npz
alarm,mediapipe_landmarks/part_4_7031727030753636-ALARM.npz
right,mediapipe_landmarks/part_10_right_20241119_172651_19.npz
need,mediapipe_landmarks/part_9_need_16.npz
help,mediapipe_landmarks/part_8_help_video_20.npz
stop,mediapipe_landmarks/part_11_stop_video_17.npz
stop,mediapipe_landmarks/part_11_stop_video_6.npz
drown,mediapipe_landmarks/part_8_drown_20241119_172640_110.npz
gun,mediapipe_landmarks/part_8_gun_20241119_172644_37.npz
when,mediapipe_landmarks/part_1_1633964553032412-seedWHEN.npz
behind,mediapipe_landmarks/part_7_behind_video_17.npz
stop,mediapipe_landmarks/part_3_5241068902608812-STOP.npz
rescue,mediapipe_landmarks/part_10_rescue_video_2.npz
right,mediapipe_landmarks/part_10_right_20241119_172651_57.npz
inside,mediapipe_landmarks/part_2_35269827677087906-INSIDE.npz
inside,mediapipe_landmarks/part_5_8021839884054152-INSIDE.npz
between,mediapipe_landmarks/part_4_6911449339777467-BETWEEN.npz
how,mediapipe_landmarks/part_9_how_20241119_172645_75.npz
rescue,mediapipe_landmarks/part_2_21399630842839423-RESCUE.npz
near,mediapipe_landmarks/part_9_near_video_4.npz
breathe,mediapipe_landmarks/part_1_08278867816341995-BREATHE.npz
call,mediapipe_landmarks/part_7_call_20241119_172635_78.npz
tty,mediapipe_landmarks/part_4_5704827543124911-TTY.npz
near,mediapipe_landmarks/part_9_near_video_27.npz
name,mediapipe_landmarks/part_4_68008701658875-NAME.npz
who,mediapipe_landmarks/part_1_10251163827204302-WHO.npz
who,mediapipe_landmarks/part_4_6013608694688473-WHO.npz
inside,mediapipe_landmarks/part_9_inside_7.npz
bleed,mediapipe_landmarks/part_2_3420496229886201-BLEED.npz
up,mediapipe_landmarks/part_4_6866209503293914-seedUP.npz
hurt,mediapipe_landmarks/part_6_959367511420421-HURT.npz
help,mediapipe_landmarks/part_4_5726113697968809-HELP.npz
up,mediapipe_landmarks/part_11_up_video_3.npz
sick,mediapipe_landmarks/part_4_5515681081506727-SICK.npz
sign,mediapipe_landmarks/part_5_742342157322158-SIGN.npz
shooting,mediapipe_landmarks/part_1_17485669496736445-SHOOTING.npz
what,mediapipe_landmarks/part_11_what_20241119_172657_71.npz
down,mediapipe_landmarks/part_8_down_video_10.npz
fs,mediapipe_landmarks/part_6_Q_video_1_q_aug_0.npz
who,mediapipe_landmarks/part_11_who_18.npz
water,mediapipe_landmarks/part_4_6099837370552477-WATER.npz
sick,mediapipe_landmarks/part_2_346347810799994-SICK.npz
fs,mediapipe_landmarks/part_6_W • ASL Dictionary_w_aug_27.npz
right,mediapipe_landmarks/part_10_right_20241119_172651_36.npz
fingerspelling,mediapipe_landmarks/part_3_44061500576415447-FINGERSPELLING.npz
fs,mediapipe_landmarks/part_8_e_3.npz
careful,mediapipe_landmarks/part_7_careful_video_1.npz
go,mediapipe_landmarks/part_8_go_video_2.npz
near,mediapipe_landmarks/part_5_816994644846331-NEAR.npz
fs,mediapipe_landmarks/part_11_w_6.npz
right,mediapipe_landmarks/part_10_right_20241119_172651_65.npz
near,mediapipe_landmarks/part_5_7908961638923091-NEAR.npz
under,mediapipe_landmarks/part_1_09583546310566571-UNDER.npz
gun,mediapipe_landmarks/part_8_gun_20241119_172644_1.npz
blood,mediapipe_landmarks/part_6_9406722590299004-BLOOD.npz
stop,mediapipe_landmarks/part_11_stop_video_26.npz
nurse,mediapipe_landmarks/part_5_7749283961439801-NURSE.npz
shoot,mediapipe_landmarks/part_10_shoot_20241119_172653_45.npz
right,mediapipe_landmarks/part_10_right_20241119_172651_93.npz
doctor,mediapipe_landmarks/part_8_doctor_20241119_172640_38.npz
fingerspelling,mediapipe_landmarks/part_8_fingerspell_video_3.npz
near,mediapipe_landmarks/part_9_near_14.npz
shoot,mediapipe_landmarks/part_10_shoot_20241119_172653_42.npz
shoot,mediapipe_landmarks/part_10_shoot_20241119_172653_78.npz
read,mediapipe_landmarks/part_5_8156740964285663-READ.npz
address,mediapipe_landmarks/part_1_15972412058350027-ADDRESS.npz
stop,mediapipe_landmarks/part_4_6529230226346452-STOP.npz
gun,mediapipe_landmarks/part_8_gun_20241119_172644_32.npz
down,mediapipe_landmarks/part_8_down_video_8.npz
phone,mediapipe_landmarks/part_10_phone_video_1.npz
stop,mediapipe_landmarks/part_11_stop_video_15.npz
breathe,mediapipe_landmarks/part_7_breathe_4.npz
left,mediapipe_landmarks/part_9_left_video_0.npz
shooting,mediapipe_landmarks/part_10_shooting_video_2.npz
drown,mediapipe_landmarks/part_8_drown_20241119_172640_122.npz
hardofhearing,mediapipe_landmarks/part_4_5409436833858476-HARD OF_HEARING.npz
safe,mediapipe_landmarks/part_1_1270917765108992-SAFE.npz
ok,mediapipe_landmarks/part_9_ok.npz
down,mediapipe_landmarks/part_8_down_video_11.npz
left,mediapipe_landmarks/part_9_left_5.npz
right,mediapipe_landmarks/part_10_right_20241119_172651_21.npz
name,mediapipe_landmarks/part_4_5949494391929417-NAME.npz
stop,mediapipe_landmarks/part_11_stop_video_19.npz
rescue,mediapipe_landmarks/part_10_rescue_2.npz
stop,mediapipe_landmarks/part_1_16617331553945736-STOP.npz
interpreter,mediapipe_landmarks/part_1_07890113988148229-INTERPRETER.npz
need,mediapipe_landmarks/part_2_30879418056454777-NEED.npz
doctor,mediapipe_landmarks/part_8_doctor_20241119_172640_80.npz
accident,mediapipe_landmarks/part_3_46144949329047735-ACCIDENT.npz
back,mediapipe_landmarks/part_6_back_video_27.npz
what,mediapipe_landmarks/part_11_what_20241119_172657_86.npz
yes,mediapipe_landmarks/part_11_yes_video_2.npz
sign,mediapipe_landmarks/part_6_9039030666503207-SIGN.npz
deaf,mediapipe_landmarks/part_7_deaf_20241119_172639_74.npz
near,mediapipe_landmarks/part_9_near_video_24.npz
above,mediapipe_landmarks/part_1_07823990288089466-ABOVE.npz
shoot,mediapipe_landmarks/part_10_shoot_20241119_172653_76.npz
gun,mediapipe_landmarks/part_8_gun_20241119_172644.npz
anyone,mediapipe_landmarks/part_4_7074818392692488-ANYONE.npz
deaf,mediapipe_landmarks/part_7_deaf_20241119_172639_68.npz
hurt,mediapipe_landmarks/part_3_45700493347203897-HURT.npz
fingerspell,mediapipe_landmarks/part_2_26690778696323636-FINGERSPELL.npz
front,mediapipe_landmarks/part_8_front_9.npz
what,mediapipe_landmarks/part_11_what_20241119_172657_73.npz
read,mediapipe_landmarks/part_2_3372554058959365-READ.npz
under,mediapipe_landmarks/part_4_7117631077149582-UNDER.npz
over,mediapipe_landmarks/part_1_014399429252126783-OVER.npz
siren,mediapipe_landmarks/part_5_7263765793059802-SIREN.npz
blood,mediapipe_landmarks/part_4_6517800744244395-seedBLOOD.npz
yes,mediapipe_landmarks/part_11_yes_5.npz
who,mediapipe_landmarks/part_4_60520933432529-WHO.npz
sick,mediapipe_landmarks/part_5_7932494857931853-SICK.npz
smoke,mediapipe_landmarks/part_4_6749469781126582-SMOKE.npz
fingerspelling,mediapipe_landmarks/part_2_25191543424173113-FINGERSPELLING.npz
gun,mediapipe_landmarks/part_8_gun_20241119_172644_13.npz
know,mediapipe_landmarks/part_6_9660722441175273-KNOW.npz
blood,mediapipe_landmarks/part_1_04104127400292379-BLOOD.npz
deaf,mediapipe_landmarks/part_7_deaf_20241119_172639_72.npz
why,mediapipe_landmarks/part_1_15735328773357837-WHY.npz
fire,mediapipe_landmarks/part_8_fire_video_1.npz
address,mediapipe_landmarks/part_6_9521853410832672-ADDRESS.npz
hurt,mediapipe_landmarks/part_9_hurt_video_14.npz
up,mediapipe_landmarks/part_3_4372377651702166-UP.npz
breathe,mediapipe_landmarks/part_4_6792019240349587-BREATHE.npz
tty,mediapipe_landmarks/part_4_7176868036094057-TTY.npz
right,mediapipe_landmarks/part_10_right_20241119_172651_77.npz
understand,mediapipe_landmarks/part_6_9807956157005397-seedUNDERSTAND.npz
gun,mediapipe_landmarks/part_8_gun_20241119_172644_12.npz
escape,mediapipe_landmarks/part_8_escape_video_2.npz
how,mediapipe_landmarks/part_9_how_20241119_172645_38.npz
call,mediapipe_landmarks/part_7_call_20241119_172635_86.npz
doctor,mediapipe_landmarks/part_8_doctor_20241119_172640_77.npz
shoot,mediapipe_landmarks/part_10_shoot_20241119_172653_44.npz
doctor,mediapipe_landmarks/part_8_doctor_20241119_172640_65.npz
shoot,mediapipe_landmarks/part_10_shoot_20241119_172653_51.npz
sign,mediapipe_landmarks/part_2_23118704675352353-SIGN.npz
know,mediapipe_landmarks/part_1_025800900162109563-KNOW.npz
pain,mediapipe_landmarks/part_1_10719457796634213-PAIN.npz
careful,mediapipe_landmarks/part_7_careful_4.npz
doctor,mediapipe_landmarks/part_8_doctor_20241119_172640_33.npz
danger,mediapipe_landmarks/part_7_danger_3.npz
write,mediapipe_landmarks/part_3_49076375253453164-WRITE.npz
help,mediapipe_landmarks/part_8_help_5.npz
rescue,mediapipe_landmarks/part_4_7008235009787305-RESCUE.npz
stop,mediapipe_landmarks/part_11_stop_1.npz
fs,mediapipe_landmarks/part_6_W.npz
tty,mediapipe_landmarks/part_4_5839882551063247-TTY.npz
go,mediapipe_landmarks/part_8_go_video_38.npz
address,mediapipe_landmarks/part_2_27958892475002783-ADDRESS.npz
front,mediapipe_landmarks/part_2_20349274600605116-FRONT.npz
right,mediapipe_landmarks/part_10_right_20241119_172651_55.npz
hardofhearing,mediapipe_landmarks/part_3_4131298396029839-HARD OF_HEARING.npz
breathe,mediapipe_landmarks/part_4_6816779875336032-seedBREATHE.npz
name,mediapipe_landmarks/part_5_7459516150734173-NAME.npz
how,mediapipe_landmarks/part_9_how_20241119_172645_30.npz
danger,mediapipe_landmarks/part_5_8037639765620883-DANGER.npz
yes,mediapipe_landmarks/part_2_26056519285644875-YES.npz
fingerspell,mediapipe_landmarks/part_5_7833990045723824-FINGERSPELL.npz
smoke,mediapipe_landmarks/part_1_01439760499984577-seedSMOKE.npz
down,mediapipe_landmarks/part_6_9888130959700656-DOWN.npz
doctor,mediapipe_landmarks/part_8_doctor_20241119_172640_24.npz
siren,mediapipe_landmarks/part_3_38105780951487267-SIREN.npz
go,mediapipe_landmarks/part_8_go_video_12.npz
wait,mediapipe_landmarks/part_11_wait_video_12.npz
between,mediapipe_landmarks/part_6_9915191400109418-BETWEEN.npz
inside,mediapipe_landmarks/part_3_5192760960400846-INSIDE.npz
when,mediapipe_landmarks/part_2_35815086162921017-WHEN.npz
yes,mediapipe_landmarks/part_1_029563612799205163-YES.npz
address,mediapipe_landmarks/part_4_6907157811574183-ADDRESS.npz
call,mediapipe_landmarks/part_7_call_20241119_172635_20.npz
anyone,mediapipe_landmarks/part_1_06275594280373986-ANYONE.npz
fs,mediapipe_landmarks/part_10_q_6_q_aug_16.npz
address,mediapipe_landmarks/part_2_32723647944414025-ADDRESS.npz
fs,mediapipe_landmarks/part_6_U_video_1_u_aug_28.npz
escape,mediapipe_landmarks/part_8_escape_4.npz
shoot,mediapipe_landmarks/part_10_shoot_20241119_172653_34.npz
careful,mediapipe_landmarks/part_6_9651280508902436-CAREFUL.npz
deaf,mediapipe_landmarks/part_7_deaf_20241119_172639_28.npz
help,mediapipe_landmarks/part_8_help_video_22.npz
how,mediapipe_landmarks/part_9_how_20241119_172645_34.npz
escape,mediapipe_landmarks/part_5_7798893370763214-ESCAPE.npz
doctor,mediapipe_landmarks/part_8_doctor_20241119_172640_36.npz
sick,mediapipe_landmarks/part_2_239829373517368-SICK.npz
where,mediapipe_landmarks/part_6_9957868929062672-WHERE.npz
go,mediapipe_landmarks/part_8_go_video_47.npz
nurse,mediapipe_landmarks/part_3_4997964154616015-seedNURSE.npz
what,mediapipe_landmarks/part_11_what_20241119_172657_33.npz
fs,mediapipe_landmarks/part_6_H • ASL Dictionary_h_aug_22.npz
why,mediapipe_landmarks/part_3_36979047566586587-WHY.npz
why,mediapipe_landmarks/part_11_why_video_0.npz
gun,mediapipe_landmarks/part_8_gun_20241119_172644_97.npz
anyone,mediapipe_landmarks/part_3_534254020500949-ANYONE.npz
front,mediapipe_landmarks/part_5_7533494402575538-FRONT.npz
drown,mediapipe_landmarks/part_8_drown_20241119_172640_91.npz
address,mediapipe_landmarks/part_3_4273204598171054-ADDRESS.npz
accident,mediapipe_landmarks/part_6_accident_video_1.npz
smoke,mediapipe_landmarks/part_3_4113932612676032-SMOKE.npz
alarm,mediapipe_landmarks/part_6_alarm_video_11.npz
fingerspelling,mediapipe_landmarks/part_3_4890738809676336-FINGERSPELLING.npz
hospital,mediapipe_landmarks/part_9_hospital_20241119_172645_25.npz
help,mediapipe_landmarks/part_6_9437772948180145-HELP.npz
drown,mediapipe_landmarks/part_8_drown_20241119_172641_2.npz
interpreter,mediapipe_landmarks/part_9_interpreter_3.npz
call,mediapipe_landmarks/part_7_call_20241119_172635_80.npz
under,mediapipe_landmarks/part_2_19025693129608157-UNDER.npz
read,mediapipe_landmarks/part_10_read_8.npz
down,mediapipe_landmarks/part_8_down_video_24.npz
who,mediapipe_landmarks/part_11_who_12.npz
ok,mediapipe_landmarks/part_4_6266741051790852-OK.npz
how,mediapipe_landmarks/part_9_how_20241119_172645_74.npz
sick,mediapipe_landmarks/part_4_6022729155127093-SICK.npz
outside,mediapipe_landmarks/part_1_15127094297670984-OUTSIDE.npz
drown,mediapipe_landmarks/part_8_drown_20241119_172640_68.npz
why,mediapipe_landmarks/part_11_why_14.npz
right,mediapipe_landmarks/part_10_right_20241119_172651_60.npz
gun,mediapipe_landmarks/part_8_gun_20241119_172644_42.npz
over,mediapipe_landmarks/part_3_37151148892913977-OVER.npz
blood,mediapipe_landmarks/part_5_7533437511659529-BLOOD.npz
write,mediapipe_landmarks/part_11_write.npz
when,mediapipe_landmarks/part_5_7524645430552388-WHEN.npz
what,mediapipe_landmarks/part_11_what_20241119_172657_36.npz
drown,mediapipe_landmarks/part_8_drown_20241119_172641.npz
sign,mediapipe_landmarks/part_1_10154165727018061-SIGN.npz
address,mediapipe_landmarks/part_6_8980508462859762-ADDRESS.npz
need,mediapipe_landmarks/part_9_need_video_6.npz
rescue,mediapipe_landmarks/part_5_8543837932397227-RESCUE.npz
alarm,mediapipe_landmarks/part_5_8761975183316681-ALARM.npz
how,mediapipe_landmarks/part_9_how_20241119_172645_35.npz
breathe,mediapipe_landmarks/part_7_breathe_8.npz
how,mediapipe_landmarks/part_9_how_20241119_172645_22.npz
blood,mediapipe_landmarks/part_7_blood_2.npz
alarm,mediapipe_landmarks/part_6_alarm_video_6.npz
fs,mediapipe_landmarks/part_10_q_1_q_aug_40.npz
help,mediapipe_landmarks/part_8_help_video_19.npz
sign,mediapipe_landmarks/part_6_9303259452994823-SIGN.npz
over,mediapipe_landmarks/part_6_9948289944989086-OVER.npz
water,mediapipe_landmarks/part_3_40723216723050504-WATER.npz
near,mediapipe_landmarks/part_9_near_video_28.npz
no,mediapipe_landmarks/part_5_7973429116215278-NO.npz
hospital,mediapipe_landmarks/part_9_hospital_20241119_172645_71.npz
tty,mediapipe_landmarks/part_2_21524875160802726-TTY.npz
up,mediapipe_landmarks/part_11_up_video_7.npz
doctor,mediapipe_landmarks/part_8_doctor_20241119_172640_47.npz
hurt,mediapipe_landmarks/part_9_hurt_video_17.npz
know,mediapipe_landmarks/part_1_1431969749910329-KNOW.npz
fs,mediapipe_landmarks/part_6_Q • ASL Dictionary_q_aug_36.npz
inside,mediapipe_landmarks/part_5_8541775080100544-INSIDE.npz
fingerspelling,mediapipe_landmarks/part_8_fingerspelling.npz
breathe,mediapipe_landmarks/part_7_breathe_video_6.npz
up,mediapipe_landmarks/part_11_up_2.npz
deaf,mediapipe_landmarks/part_7_deaf_20241119_172639_19.npz
siren,mediapipe_landmarks/part_5_7819740671445525-SIREN.npz
accident,mediapipe_landmarks/part_1_0516106106258869-ACCIDENT.npz
when,mediapipe_landmarks/part_11_when_video_6.npz
call,mediapipe_landmarks/part_7_call_20241119_172635_79.npz
why,mediapipe_landmarks/part_11_why_15.npz
address,mediapipe_landmarks/part_6_address_video_19.npz
nurse,mediapipe_landmarks/part_9_nurse_1.npz
deaf,mediapipe_landmarks/part_7_deaf_20241119_172639_50.npz
yes,mediapipe_landmarks/part_11_yes_video_5.npz
phone,mediapipe_landmarks/part_4_6711235939417988-PHONE.npz
near,mediapipe_landmarks/part_9_near_video_10.npz
ok,mediapipe_landmarks/part_9_ok_13.npz
drown,mediapipe_landmarks/part_8_drown_20241119_172640_114.npz
sick,mediapipe_landmarks/part_10_sick_17.npz
outside,mediapipe_landmarks/part_2_1918342851592849-OUTSIDE.npz
doctor,mediapipe_landmarks/part_8_doctor_20241119_172640_84.npz
when,mediapipe_landmarks/part_4_5407096343613205-WHEN.npz
address,mediapipe_landmarks/part_4_6393284759571902-ADDRESS.npz
deaf,mediapipe_landmarks/part_7_deaf_20241119_172639_70.npz
danger,mediapipe_landmarks/part_1_03883848686096014-DANGER.npz
who,mediapipe_landmarks/part_6_9311041997261886-WHO.npz
nurse,mediapipe_landmarks/part_3_5354855148819018-NURSE.npz
accident,mediapipe_landmarks/part_6_9288644673117121-ACCIDENT.npz
drown,mediapipe_landmarks/part_8_drown_20241119_172640_105.npz
drown,mediapipe_landmarks/part_8_drown_20241119_172640_33.npz
write,mediapipe_landmarks/part_6_9207650208931104-WRITE.npz
drown,mediapipe_landmarks/part_8_drown_20241119_172640_141.npz
why,mediapipe_landmarks/part_3_5132756077874947-WHY.npz
name,mediapipe_landmarks/part_3_5230881244500567-NAME.npz
accident,mediapipe_landmarks/part_6_accident_11.npz
fs,mediapipe_landmarks/part_6_Q_video_1.npz
fs,mediapipe_landmarks/part_6_P_video_0_p_aug_0.npz
blood,mediapipe_landmarks/part_2_24961648235193645-BLOOD.npz
danger,mediapipe_landmarks/part_7_danger_video_2.npz
back,mediapipe_landmarks/part_4_6865019153776013-BACK.npz
yes,mediapipe_landmarks/part_11_yes_video_10.npz
near,mediapipe_landmarks/part_1_007142559902292289-NEAR.npz
fs,mediapipe_landmarks/part_11_u_6_u_aug_37.npz
fs,mediapipe_landmarks/part_6_F • ASL Dictionary_f_aug_15.npz
blood,mediapipe_landmarks/part_5_7807725765829832-BLOOD.npz
help,mediapipe_landmarks/part_8_help_video_21.npz
wait,mediapipe_landmarks/part_5_7743737332850424-WAIT.npz
go,mediapipe_landmarks/part_8_go_video_8.npz
shoot,mediapipe_landmarks/part_10_shoot_20241119_172653_70.npz
front,mediapipe_landmarks/part_6_9572811382440334-seedFRONT.npz
deaf,mediapipe_landmarks/part_7_deaf_20241119_172639_66.npz
danger,mediapipe_landmarks/part_2_19486830448838344-DANGER.npz
hardofhearing,mediapipe_landmarks/part_2_20628883104599538-HARD OF_HEARING.npz
back,mediapipe_landmarks/part_1_038774598253954684-BACK.npz
smoke,mediapipe_landmarks/part_5_7227712515323554-SMOKE.npz
shoot,mediapipe_landmarks/part_10_shoot_20241119_172653_17.npz
address,mediapipe_landmarks/part_6_address_video_10.npz
fs,mediapipe_landmarks/part_6_N_video_2_n_aug_19.npz
alarm,mediapipe_landmarks/part_6_alarm_video_10.npz
drown,mediapipe_landmarks/part_8_drown_20241119_172640_43.npz
where,mediapipe_landmarks/part_6_9824526442836845-WHERE.npz
call,mediapipe_landmarks/part_7_call_20241119_172635_75.npz
hospital,mediapipe_landmarks/part_9_hospital_20241119_172645_28.npz
siren,mediapipe_landmarks/part_1_022628688804637198-SIREN.npz
under,mediapipe_landmarks/part_5_8046359590715597-UNDER.npz
blood,mediapipe_landmarks/part_1_02863010772673369-BLOOD.npz
danger,mediapipe_landmarks/part_5_7420905801173128-DANGER.npz
behind,mediapipe_landmarks/part_1_08021673752218161-BEHIND.npz
help,mediapipe_landmarks/part_8_help_video_1.npz
fs,mediapipe_landmarks/part_6_Y • ASL Dictionary.npz
wait,mediapipe_landmarks/part_1_0863524332460317-WAIT.npz
drown,mediapipe_landmarks/part_8_drown_20241119_172640_26.npz
siren,mediapipe_landmarks/part_4_5473226815364218-SIREN.npz
fs,mediapipe_landmarks/part_6_M_video_0_m_aug_4.npz
behind,mediapipe_landmarks/part_7_behind_video_5.npz
address,mediapipe_landmarks/part_6_address_video_5.npz
drown,mediapipe_landmarks/part_8_drown_20241119_172640_138.npz
when,mediapipe_landmarks/part_4_5795834263184414-WHEN.npz
sign,mediapipe_landmarks/part_10_sign_video_16.npz
between,mediapipe_landmarks/part_1_035851297321329856-BETWEEN.npz
fingerspell,mediapipe_landmarks/part_2_24066584622418108-FINGERSPELL.npz
right,mediapipe_landmarks/part_10_right_20241119_172651_15.npz
fs,mediapipe_landmarks/part_6_L_video_1_l_aug_2.npz
escape,mediapipe_landmarks/part_3_41688161759971587-seedESCAPE.npz
doctor,mediapipe_landmarks/part_8_doctor_20241119_172640_1.npz
right,mediapipe_landmarks/part_10_right_20241119_172651_48.npz
read,mediapipe_landmarks/part_5_8063690131862289-seedREAD.npz
safe,mediapipe_landmarks/part_10_safe_video_3.npz
near,mediapipe_landmarks/part_9_near_video_11.npz
calltty,mediapipe_landmarks/part_4_6009786330657241-CALL TTY.npz
shoot,mediapipe_landmarks/part_10_shoot_20241119_172653_28.npz
read,mediapipe_landmarks/part_6_9480580549313959-READ.npz
deaf,mediapipe_landmarks/part_7_deaf_20241119_172639_12.npz
deaf,mediapipe_landmarks/part_7_deaf_20241119_172639_71.npz
blood,mediapipe_landmarks/part_2_19263216946066208-BLOOD.npz
down,mediapipe_landmarks/part_5_7537023171746606-DOWN.npz
name,mediapipe_landmarks/part_3_3644933452013184-NAME.npz
address,mediapipe_landmarks/part_6_address_video_8.npz
help,mediapipe_landmarks/part_8_help_video_17.npz
help,mediapipe_landmarks/part_2_3000270038189985-HELP.npz
fs,mediapipe_landmarks/part_9_o_4_o_aug_28.npz
what,mediapipe_landmarks/part_11_what_20241119_172657_42.npz
up,mediapipe_landmarks/part_11_up.npz
doctor,mediapipe_landmarks/part_8_doctor_20241119_172640_8.npz
under,mediapipe_landmarks/part_3_3618820634321085-UNDER.npz
go,mediapipe_landmarks/part_8_go_video_26.npz
know,mediapipe_landmarks/part_9_know_video_3.npz
drown,mediapipe_landmarks/part_8_drown_20241119_172640_111.npz
fs,mediapipe_landmarks/part_11_u_6_u_aug_36.npz
fs,mediapipe_landmarks/part_6_a_4_a_aug_10.npz
blood,mediapipe_landmarks/part_7_blood.npz
call,mediapipe_landmarks/part_7_call_20241119_172635_4.npz
drown,mediapipe_landmarks/part_8_drown_20241119_172641_3.npz
siren,mediapipe_landmarks/part_2_21144026998013343-SIREN.npz
help,mediapipe_landmarks/part_8_help_video_27.npz
over,mediapipe_landmarks/part_3_5011307489780785-OVER.npz
wait,mediapipe_landmarks/part_2_3372774069388451-WAIT.npz
drown,mediapipe_landmarks/part_8_drown_20241119_172640_82.npz
accident,mediapipe_landmarks/part_6_accident_15.npz
hospital,mediapipe_landmarks/part_9_hospital_20241119_172645_73.npz
why,mediapipe_landmarks/part_11_why_17.npz
behind,mediapipe_landmarks/part_2_2024676009316564-BEHIND.npz
stop,mediapipe_landmarks/part_11_stop_video_31.npz
over,mediapipe_landmarks/part_5_8835091890723679-OVER.npz
deaf,mediapipe_landmarks/part_7_deaf_20241119_172639_85.npz
help,mediapipe_landmarks/part_8_help_video_11.npz
ok,mediapipe_landmarks/part_1_017520927484665938-OK.npz
deaf,mediapipe_landmarks/part_7_deaf_20241119_172639_86.npz
right,mediapipe_landmarks/part_10_right_20241119_172651_71.npz
accident,mediapipe_landmarks/part_6_accident_video_0.npz
front,mediapipe_landmarks/part_1_06091298247316468-FRONT.npz
fs,mediapipe_landmarks/part_11_t_1_t_aug_34.npz
wait,mediapipe_landmarks/part_5_7918796234967189-WAIT.npz
write,mediapipe_landmarks/part_11_write_video_9.npz
where,mediapipe_landmarks/part_11_where_8.npz
up,mediapipe_landmarks/part_5_7814778334494417-UP.npz
above,mediapipe_landmarks/part_6_above_video_8.npz
who,mediapipe_landmarks/part_11_who_video_14.npz
over,mediapipe_landmarks/part_3_4812217253961326-OVER.npz
outside,mediapipe_landmarks/part_9_outside_video_7.npz
near,mediapipe_landmarks/part_6_9226981101694316-NEAR.npz
danger,mediapipe_landmarks/part_5_8773863329740939-DANGER.npz
back,mediapipe_landmarks/part_6_back_13.npz
doctor,mediapipe_landmarks/part_8_doctor_20241119_172640_26.npz
fs,mediapipe_landmarks/part_6_N_n_aug_24.npz
doctor,mediapipe_landmarks/part_8_doctor_20241119_172640.npz
bleed,mediapipe_landmarks/part_3_3678032378590945-BLEED.npz
fs,mediapipe_landmarks/part_6_T_video_1_t_aug_5.npz
drown,mediapipe_landmarks/part_8_drown_20241119_172640_30.npz
near,mediapipe_landmarks/part_9_near_video_21.npz
escape,mediapipe_landmarks/part_8_escape_9.npz
drown,mediapipe_landmarks/part_8_drown_20241119_172640_98.npz
fire,mediapipe_landmarks/part_4_550618410736678-seedFIRE.npz
up,mediapipe_landmarks/part_11_up_video_1.npz
understand,mediapipe_landmarks/part_1_0497069696398067-UNDERSTAND.npz
who,mediapipe_landmarks/part_6_9790302153060182-WHO.npz
gun,mediapipe_landmarks/part_8_gun_20241119_172644_67.npz
why,mediapipe_landmarks/part_4_5584013314005547-WHY.npz
up,mediapipe_landmarks/part_1_05881254777524392-UP.npz
interpreter,mediapipe_landmarks/part_9_interpreter_4.npz
deaf,mediapipe_landmarks/part_7_deaf_20241119_172639_76.npz
outside,mediapipe_landmarks/part_9_outside_video_1.npz
outside,mediapipe_landmarks/part_4_6199615059681025-OUTSIDE.npz
callattention,mediapipe_landmarks/part_4_7177122351554095-CALL ATTENTION.npz
no,mediapipe_landmarks/part_9_no_video_3.npz
shoot,mediapipe_landmarks/part_10_shoot_20241119_173205.npz
help,mediapipe_landmarks/part_8_help_video_7.npz
fs,mediapipe_landmarks/part_10_r_video_3_r_aug_26.npz
up,mediapipe_landmarks/part_3_45433144117409885-UP.npz
doctor,mediapipe_landmarks/part_8_doctor_20241119_172640_55.npz
what,mediapipe_landmarks/part_11_what_20241119_172657_15.npz
fs,mediapipe_landmarks/part_8_e_7.npz
now,mediapipe_landmarks/part_4_5533098415698983-NOW.npz
fs,mediapipe_landmarks/part_9_n_4_n_aug_37.npz
drown,mediapipe_landmarks/part_8_drown_20241119_172640_140.npz
right,mediapipe_landmarks/part_10_right_20241119_172651_2.npz
accident,mediapipe_landmarks/part_6_accident_video_5.npz
hardofhearing,mediapipe_landmarks/part_1_14294265490258917-HARD OF_HEARING.npz
drown,mediapipe_landmarks/part_8_drown_20241119_172640_67.npz
alarm,mediapipe_landmarks/part_3_5094255125387595-ALARM.npz
drown,mediapipe_landmarks/part_8_drown_20241119_172640_9.npz
sign,mediapipe_landmarks/part_4_6196751357683004-SIGN.npz
accident,mediapipe_landmarks/part_6_accident_6.npz
how,mediapipe_landmarks/part_9_how_20241119_172645_13.npz
no,mediapipe_landmarks/part_3_3919396171653571-NO.npz
help,mediapipe_landmarks/part_4_5574926687456125-HELP.npz
danger,mediapipe_landmarks/part_3_5387030352912916-DANGER.npz
hurt,mediapipe_landmarks/part_9_hurt_15.npz
under,mediapipe_landmarks/part_5_7623471314137451-UNDER.npz
drown,mediapipe_landmarks/part_8_drown_20241119_172640_39.npz
smoke,mediapipe_landmarks/part_10_smoke_video_6.npz
fire,mediapipe_landmarks/part_5_8098622458335258-FIRE.npz
hospital,mediapipe_landmarks/part_9_hospital_20241119_172645_26.npz
go,mediapipe_landmarks/part_8_go_video_43.npz
drown,mediapipe_landmarks/part_8_drown_20241119_172640_28.npz
sign,mediapipe_landmarks/part_5_8936148680464566-SIGN.npz
phone,mediapipe_landmarks/part_10_phone_video_4.npz
back,mediapipe_landmarks/part_6_back_video_23.npz
drown,mediapipe_landmarks/part_8_drown_20241119_172640_69.npz
how,mediapipe_landmarks/part_9_how_20241119_172645_72.npz
phone,mediapipe_landmarks/part_6_900949174809696-PHONE.npz
now,mediapipe_landmarks/part_5_8699210337284036-NOW.npz
help,mediapipe_landmarks/part_8_help_6.npz
go,mediapipe_landmarks/part_3_3904115149763827-GO.npz
anyone,mediapipe_landmarks/part_2_21344274764159632-ANYONE.npz
drown,mediapipe_landmarks/part_8_drown_20241119_172640_48.npz
gun,mediapipe_landmarks/part_8_gun_20241119_172644_36.npz
sick,mediapipe_landmarks/part_2_23601871909315686-SICK.npz
safe,mediapipe_landmarks/part_3_5078790570399312-SAFE.npz
fs,mediapipe_landmarks/part_8_f_4_f_aug_4.npz
who,mediapipe_landmarks/part_4_6339230507709075-WHO.npz
safe,mediapipe_landmarks/part_1_06388649614289554-SAFE.npz
danger,mediapipe_landmarks/part_7_danger_2.npz
deaf,mediapipe_landmarks/part_7_deaf_20241119_172639_4.npz
who,mediapipe_landmarks/part_11_who_video_5.npz
near,mediapipe_landmarks/part_9_near_12.npz
outside,mediapipe_landmarks/part_1_14384519842668952-OUTSIDE.npz
right,mediapipe_landmarks/part_10_right_20241119_172651_35.npz
stop,mediapipe_landmarks/part_11_stop_video_30.npz
breathe,mediapipe_landmarks/part_5_8621265471402233-BREATHE.npz
careful,mediapipe_landmarks/part_7_careful_13.npz
danger,mediapipe_landmarks/part_3_4596513387152761-DANGER.npz
blood,mediapipe_landmarks/part_2_2974446979484051-BLOOD.npz
fs,mediapipe_landmarks/part_6_P_p_aug_26.npz
behind,mediapipe_landmarks/part_7_behind_video_15.npz
accident,mediapipe_landmarks/part_6_accident_video_4.npz
hardofhearing,mediapipe_landmarks/part_3_5241991075908801-HARD OF_HEARING.npz
right,mediapipe_landmarks/part_10_right_20241119_172651_103.npz
fs,mediapipe_landmarks/part_8_f_1_f_aug_14.npz
near,mediapipe_landmarks/part_1_08301920534152485-NEAR.npz
doctor,mediapipe_landmarks/part_8_doctor_20241119_172640_57.npz
pain,mediapipe_landmarks/part_2_3339574581172313-PAIN.npz
deaf,mediapipe_landmarks/part_7_deaf_20241119_172639_87.npz
right,mediapipe_landmarks/part_10_right_20241119_172651_3.npz
call,mediapipe_landmarks/part_7_call_20241119_172635_18.npz
sign,mediapipe_landmarks/part_1_06057478837138319-SIGN.npz
write,mediapipe_landmarks/part_2_19978233231036002-WRITE.npz
between,mediapipe_landmarks/part_3_3630920380191205-BETWEEN.npz
right,mediapipe_landmarks/part_10_right_20241119_172651_24.npz
no,mediapipe_landmarks/part_9_no_video_5.npz
deaf,mediapipe_landmarks/part_7_deaf_20241119_172639_32.npz
doctor,mediapipe_landmarks/part_8_doctor_20241119_172640_35.npz
back,mediapipe_landmarks/part_6_back_video_7.npz
wait,mediapipe_landmarks/part_11_wait_video_4.npz
safe,mediapipe_landmarks/part_10_safe_video_5.npz
when,mediapipe_landmarks/part_1_15106441828646178-WHEN.npz
how,mediapipe_landmarks/part_9_how_20241119_172645_65.npz
call,mediapipe_landmarks/part_7_call_20241119_172635_28.npz
nurse,mediapipe_landmarks/part_2_18849432780292963-NURSE.npz
stop,mediapipe_landmarks/part_1_07893366237759558-STOP.npz
wait,mediapipe_landmarks/part_11_wait_1.npz
between,mediapipe_landmarks/part_7_between_1.npz
sign,mediapipe_landmarks/part_2_3088357363430003-SIGN.npz
near,mediapipe_landmarks/part_6_9516650170259846-NEAR.npz
outside,mediapipe_landmarks/part_3_5154364941277441-OUTSIDE.npz
gun,mediapipe_landmarks/part_8_gun_20241119_172644_26.npz
call,mediapipe_landmarks/part_7_call_20241119_172635_21.npz
who,mediapipe_landmarks/part_11_who_11.npz
who,mediapipe_landmarks/part_11_who_13.npz
drown,mediapipe_landmarks/part_8_drown_20241119_172640_108.npz
phone,mediapipe_landmarks/part_10_phone_9.npz
safe,mediapipe_landmarks/part_4_7037929723717837-SAFE.npz
rescue,mediapipe_landmarks/part_10_rescue_video_1.npz
how,mediapipe_landmarks/part_9_how_20241119_172645_2.npz
smoke,mediapipe_landmarks/part_5_779270116068951-SMOKE.npz
behind,mediapipe_landmarks/part_2_3571944129193796-BEHIND.npz
fs,mediapipe_landmarks/part_9_l_6_l_aug_24.npz
what,mediapipe_landmarks/part_11_what_20241119_172657_57.npz
over,mediapipe_landmarks/part_4_6352986390309805-OVER.npz
yes,mediapipe_landmarks/part_11_yes_video_1.npz
callattention,mediapipe_landmarks/part_6_9780282414508294-CALL ATTENTION.npz
fingerspell,mediapipe_landmarks/part_5_8519698401753626-FINGERSPELL.npz
fs,mediapipe_landmarks/part_6_S.npz
stop,mediapipe_landmarks/part_5_7606933944529259-STOP.npz
no,mediapipe_landmarks/part_9_no_video_14.npz
nurse,mediapipe_landmarks/part_1_016586275644390858-NURSE.npz
outside,mediapipe_landmarks/part_9_outside_3.npz
ok,mediapipe_landmarks/part_4_5940829370614598-OK.npz
safe,mediapipe_landmarks/part_10_safe_video_7.npz
call,mediapipe_landmarks/part_7_call_20241119_172635_74.npz
near,mediapipe_landmarks/part_2_25805429268292435-NEAR.npz
alarm,mediapipe_landmarks/part_6_alarm_video_5.npz
down,mediapipe_landmarks/part_8_down_video_16.npz
deaf,mediapipe_landmarks/part_7_deaf_20241119_172639_90.npz
now,mediapipe_landmarks/part_3_4719729088867264-NOW.npz
bleed,mediapipe_landmarks/part_3_42874691437612467-BLEED.npz
gun,mediapipe_landmarks/part_8_gun_20241119_172644_82.npz
fs,mediapipe_landmarks/part_6_N_video_0_n_aug_15.npz
right,mediapipe_landmarks/part_10_right_20241119_172651_12.npz
behind,mediapipe_landmarks/part_7_behind_video_0.npz
near,mediapipe_landmarks/part_9_near_video_14.npz
alarm,mediapipe_landmarks/part_1_02501761104993605-ALARM.npz
how,mediapipe_landmarks/part_9_how_20241119_172645_19.npz
fingerspell,mediapipe_landmarks/part_3_3771021652666904-FINGERSPELL.npz
drown,mediapipe_landmarks/part_8_drown_20241119_172640_75.npz
front,mediapipe_landmarks/part_2_20387135326577055-FRONT.npz
address,mediapipe_landmarks/part_6_address_0.npz
above,mediapipe_landmarks/part_2_20219362426774-ABOVE.npz
nurse,mediapipe_landmarks/part_4_6692725165593363-NURSE.npz
near,mediapipe_landmarks/part_9_near_video_6.npz
understand,mediapipe_landmarks/part_3_5190569218964376-UNDERSTAND.npz
call,mediapipe_landmarks/part_7_call_20241119_172635_11.npz
left,mediapipe_landmarks/part_3_5277077160393848-LEFT.npz
doctor,mediapipe_landmarks/part_8_doctor_20241119_172640_4.npz
over,mediapipe_landmarks/part_1_12895587890524562-OVER.npz
fingerspelling,mediapipe_landmarks/part_1_15640724238870818-FINGERSPELLING.npz
hospital,mediapipe_landmarks/part_9_hospital_20241119_172645_60.npz
tty,mediapipe_landmarks/part_2_2851738501130261-seedTTY.npz
near,mediapipe_landmarks/part_5_7701852395627957-NEAR.npz
know,mediapipe_landmarks/part_1_14003138099067614-KNOW.npz
what,mediapipe_landmarks/part_11_what_20241119_172657_87.npz
now,mediapipe_landmarks/part_9_now_19.npz
know,mediapipe_landmarks/part_2_28781278008680844-KNOW.npz
how,mediapipe_landmarks/part_9_how_20241119_172645_17.npz
phone,mediapipe_landmarks/part_10_phone_video_10.npz
gun,mediapipe_landmarks/part_8_gun_20241119_172644_30.npz
write,mediapipe_landmarks/part_11_write_video_13.npz
inside,mediapipe_landmarks/part_9_inside_video_5.npz
phone,mediapipe_landmarks/part_3_4064666652509181-PHONE.npz
write,mediapipe_landmarks/part_11_write_14.npz
over,mediapipe_landmarks/part_2_2296966005698584-OVER.npz
how,mediapipe_landmarks/part_9_how_20241119_172645_59.npz
smoke,mediapipe_landmarks/part_10_smoke_video_4.npz
safe,mediapipe_landmarks/part_5_7880494712275972-SAFE.npz
alarm,mediapipe_landmarks/part_6_9006108419922252-ALARM.npz
wait,mediapipe_landmarks/part_11_wait_6.npz
sign,mediapipe_landmarks/part_10_sign_video_14.npz
fs,mediapipe_landmarks/part_9_p_1_p_aug_9.npz
anyone,mediapipe_landmarks/part_4_558952987894197-ANYONE.npz
call,mediapipe_landmarks/part_7_call_20241119_172635_83.npz
understand,mediapipe_landmarks/part_11_understand_11.npz
stop,mediapipe_landmarks/part_3_4382853991304725-STOP.npz
go,mediapipe_landmarks/part_1_10496700688928162-GO.npz
right,mediapipe_landmarks/part_10_right_20241119_172651_89.npz
drown,mediapipe_landmarks/part_8_drown_20241119_172640_83.npz
front,mediapipe_landmarks/part_8_front_video_4.npz
shooting,mediapipe_landmarks/part_5_8897058305283605-SHOOTING.npz
anyone,mediapipe_landmarks/part_1_1777858686581253-ANYONE.npz
write,mediapipe_landmarks/part_3_39100553497986446-WRITE.npz
deaf,mediapipe_landmarks/part_7_deaf_20241119_172639.npz
doctor,mediapipe_landmarks/part_8_doctor_20241119_172640_5.npz
go,mediapipe_landmarks/part_2_2791819246477536-GO.npz
deaf,mediapipe_landmarks/part_7_deaf_20241119_172639_89.npz
up,mediapipe_landmarks/part_11_up_video_2.npz
inside,mediapipe_landmarks/part_2_29308822710638505-INSIDE.npz
above,mediapipe_landmarks/part_6_above_video_3.npz
call,mediapipe_landmarks/part_7_call_20241119_172635_40.npz
shoot,mediapipe_landmarks/part_10_shoot_20241119_172653_59.npz
inside,mediapipe_landmarks/part_9_inside_video_0.npz
nurse,mediapipe_landmarks/part_3_3655849740879997-NURSE.npz
write,mediapipe_landmarks/part_5_7241712002802467-WRITE.npz
up,mediapipe_landmarks/part_1_15020031718495486-UP.npz
stop,mediapipe_landmarks/part_11_stop_video_27.npz
fire,mediapipe_landmarks/part_8_fire_video_4.npz
behind,mediapipe_landmarks/part_1_03249144436691176-BEHIND.npz
phone,mediapipe_landmarks/part_4_6337762880246143-PHONE.npz
read,mediapipe_landmarks/part_2_3363898293845027-READ.npz
right,mediapipe_landmarks/part_10_right_20241119_173205.npz
wait,mediapipe_landmarks/part_11_wait_video_0.npz
fs,mediapipe_landmarks/part_6_I_i_aug_5.npz
above,mediapipe_landmarks/part_1_06165834443862539-ABOVE.npz
how,mediapipe_landmarks/part_9_how_20241119_172645_44.npz
hurt,mediapipe_landmarks/part_9_hurt_video_5.npz
hardofhearing,mediapipe_landmarks/part_5_8191017646822547-HARD OF_HEARING.npz
ok,mediapipe_landmarks/part_3_3656495330857543-OK.npz
no,mediapipe_landmarks/part_9_no_video_0.npz
inside,mediapipe_landmarks/part_4_6336588540054073-INSIDE.npz
accident,mediapipe_landmarks/part_4_5587163060400597-ACCIDENT.npz
sign,mediapipe_landmarks/part_3_49076408258980875-SIGN.npz
hardofhearing,mediapipe_landmarks/part_2_3359167605448068-HARD OF_HEARING.npz
who,mediapipe_landmarks/part_1_06061818404678454-WHO.npz
outside,mediapipe_landmarks/part_2_35907489638359325-OUTSIDE.npz
wait,mediapipe_landmarks/part_4_6368510219023522-WAIT.npz
phone,mediapipe_landmarks/part_6_9293574730316452-PHONE.npz
fs,mediapipe_landmarks/part_9_o_4_o_aug_35.npz
what,mediapipe_landmarks/part_11_what_20241119_172657_30.npz
address,mediapipe_landmarks/part_4_5727580523481881-ADDRESS.npz
read,mediapipe_landmarks/part_5_825397870603666-READ.npz
shoot,mediapipe_landmarks/part_10_shoot_20241119_172653_62.npz
sign,mediapipe_landmarks/part_6_9392506529887468-SIGN.npz
shooting,mediapipe_landmarks/part_5_7791558174544222-SHOOTING.npz
siren,mediapipe_landmarks/part_4_6047522515240802-SIREN.npz
fs,mediapipe_landmarks/part_6_P.npz
hospital,mediapipe_landmarks/part_9_hospital_20241119_172645_70.npz
back,mediapipe_landmarks/part_6_back_15.npz
nurse,mediapipe_landmarks/part_9_nurse_video_5.npz
hospital,mediapipe_landmarks/part_9_hospital_20241119_172645_38.npz
hospital,mediapipe_landmarks/part_9_hospital_20241119_172645_72.npz
down,mediapipe_landmarks/part_5_7268499922507625-seedDOWN.npz
now,mediapipe_landmarks/part_4_6012173826569807-NOW.npz
what,mediapipe_landmarks/part_11_what_20241119_173205.npz
wait,mediapipe_landmarks/part_11_wait_10.npz
careful,mediapipe_landmarks/part_3_39515737950685703-CAREFUL.npz
nurse,mediapipe_landmarks/part_9_nurse_11.npz
hospital,mediapipe_landmarks/part_9_hospital_20241119_172645_46.npz
know,mediapipe_landmarks/part_3_44287895160245094-KNOW.npz
shoot,mediapipe_landmarks/part_10_shoot_20241119_172653_67.npz
front,mediapipe_landmarks/part_2_18927894573312165-FRONT.npz
up,mediapipe_landmarks/part_11_up_video_5.npz
fire,mediapipe_landmarks/part_2_1911359550569114-FIRE.npz
fs,mediapipe_landmarks/part_6_Z • ASL Dictionary_z_aug_19.npz
deaf,mediapipe_landmarks/part_7_deaf_20241119_172639_45.npz
need,mediapipe_landmarks/part_9_need_video_2.npz
when,mediapipe_landmarks/part_4_5845121089874201-WHEN.npz
where,mediapipe_landmarks/part_5_7404223141679687-WHERE.npz
yes,mediapipe_landmarks/part_4_6358167662084229-seedYES.npz
safe,mediapipe_landmarks/part_10_safe_video_2.npz
back,mediapipe_landmarks/part_6_9759361547236995-BACK.npz
callattention,mediapipe_landmarks/part_2_3088196540097823-CALL ATTENTION.npz
between,mediapipe_landmarks/part_5_7977457098117069-BETWEEN.npz
stop,mediapipe_landmarks/part_11_stop_video_13.npz
fs,mediapipe_landmarks/part_6_T_video_2_t_aug_18.npz
write,mediapipe_landmarks/part_4_6080391494064927-WRITE.npz
hurt,mediapipe_landmarks/part_3_4545920597656814-HURT.npz
who,mediapipe_landmarks/part_11_who_video_13.npz
doctor,mediapipe_landmarks/part_8_doctor_20241119_172640_44.npz
why,mediapipe_landmarks/part_4_576863051440268-WHY.npz
right,mediapipe_landmarks/part_10_right_20241119_172651_97.npz
blood,mediapipe_landmarks/part_7_blood_video_5.npz
what,mediapipe_landmarks/part_11_what_20241119_172657_18.npz
down,mediapipe_landmarks/part_8_down_6.npz
wait,mediapipe_landmarks/part_5_72369024028368-WAIT.npz
callattention,mediapipe_landmarks/part_2_2185696606838088-CALL ATTENTION.npz
who,mediapipe_landmarks/part_11_who_23.npz
wait,mediapipe_landmarks/part_3_431834858238225-WAIT.npz
call,mediapipe_landmarks/part_7_call_20241119_172635_6.npz
fs,mediapipe_landmarks/part_6_T_video_2_t_aug_38.npz
sign,mediapipe_landmarks/part_4_5691074786328454-seedSIGN.npz
sick,mediapipe_landmarks/part_10_sick.npz
callattention,mediapipe_landmarks/part_3_420703370707878-CALL ATTENTION.npz
write,mediapipe_landmarks/part_11_write_video_0.npz
front,mediapipe_landmarks/part_8_front_4.npz
behind,mediapipe_landmarks/part_3_5179129114650125-BEHIND.npz
how,mediapipe_landmarks/part_9_how_20241119_172645_73.npz
no,mediapipe_landmarks/part_9_no_9.npz
behind,mediapipe_landmarks/part_4_7141193622933402-BEHIND.npz
fs,mediapipe_landmarks/part_7_c_4.npz
know,mediapipe_landmarks/part_4_683902846076992-KNOW.npz
call,mediapipe_landmarks/part_7_call_20241119_172635_58.npz
near,mediapipe_landmarks/part_3_44297246914857435-NEAR.npz
near,mediapipe_landmarks/part_9_near_video_7.npz
no,mediapipe_landmarks/part_9_no_21.npz
fs,mediapipe_landmarks/part_6_W_video_2_w_aug_11.npz
read,mediapipe_landmarks/part_10_read_12.npz
safe,mediapipe_landmarks/part_2_35728857036118145-SAFE.npz
stop,mediapipe_landmarks/part_4_6922819981617203-STOP.npz
left,mediapipe_landmarks/part_4_7153591422975427-LEFT.npz
fs,mediapipe_landmarks/part_10_r_video_4.npz
address,mediapipe_landmarks/part_4_5758314385337133-ADDRESS.npz
interpreter,mediapipe_landmarks/part_3_39793275246996807-INTERPRETER.npz
help,mediapipe_landmarks/part_8_help_20.npz
above,mediapipe_landmarks/part_4_5672285516951416-ABOVE.npz
inside,mediapipe_landmarks/part_9_inside_3.npz
over,mediapipe_landmarks/part_3_4201900473696285-OVER.npz
careful,mediapipe_landmarks/part_4_6875570691443607-CAREFUL.npz
alarm,mediapipe_landmarks/part_6_9360594608322135-ALARM.npz
name,mediapipe_landmarks/part_2_20739960328931106-NAME.npz
what,mediapipe_landmarks/part_11_what_20241119_172657_81.npz
hospital,mediapipe_landmarks/part_9_hospital_20241119_172645_12.npz
between,mediapipe_landmarks/part_4_6997278118526244-BETWEEN.npz
down,mediapipe_landmarks/part_8_down_video_17.npz
now,mediapipe_landmarks/part_5_8822549298208633-NOW.npz
right,mediapipe_landmarks/part_10_right_20241119_172651_78.npz
inside,mediapipe_landmarks/part_6_9289162972014433-INSIDE.npz
inside,mediapipe_landmarks/part_5_7336035259942897-INSIDE.npz
between,mediapipe_landmarks/part_4_5622784592697969-BETWEEN.npz
accident,mediapipe_landmarks/part_1_05642494807341181-ACCIDENT.npz
how,mediapipe_landmarks/part_9_how_20241119_172645_33.npz
yes,mediapipe_landmarks/part_11_yes_2.npz
blood,mediapipe_landmarks/part_1_1564044413138741-BLOOD.npz
escape,mediapipe_landmarks/part_3_5289510713701053-ESCAPE.npz
over,mediapipe_landmarks/part_9_over_6.npz
what,mediapipe_landmarks/part_11_what_20241119_172657_88.npz
down,mediapipe_landmarks/part_3_391183767471484-DOWN.npz
fs,mediapipe_landmarks/part_10_q_2_q_aug_6.npz
fs,mediapipe_landmarks/part_6_J_j_aug_11.npz
yes,mediapipe_landmarks/part_5_7442618628569746-YES.npz
nurse,mediapipe_landmarks/part_2_34182074647150995-NURSE.npz
right,mediapipe_landmarks/part_10_right_20241119_172651_22.npz
fs,mediapipe_landmarks/part_6_Z_video_1_z_aug_1.npz
doctor,mediapipe_landmarks/part_8_doctor_20241119_172640_31.npz
rescue,mediapipe_landmarks/part_2_359251581418802-RESCUE.npz
calltty,mediapipe_landmarks/part_2_21478583375909666-CALL TTY.npz
address,mediapipe_landmarks/part_6_address_video_17.npz
phone,mediapipe_landmarks/part_10_phone_video_14.npz
shoot,mediapipe_landmarks/part_10_shoot_20241119_172653_19.npz
behind,mediapipe_landmarks/part_7_behind_video_13.npz
call,mediapipe_landmarks/part_7_call_20241119_172635_84.npz
who,mediapipe_landmarks/part_1_0015092814988848513-WHO.npz
wait,mediapipe_landmarks/part_4_6807479789190645-WAIT.npz
go,mediapipe_landmarks/part_4_6721385997956766-GO.npz
shoot,mediapipe_landmarks/part_10_shoot_20241119_172653_56.npz
understand,mediapipe_landmarks/part_11_understand_7.npz
phone,mediapipe_landmarks/part_10_phone_13.npz
drown,mediapipe_landmarks/part_8_drown_20241119_172640_117.npz
hurt,mediapipe_landmarks/part_2_2609737790861999-HURT.npz
above,mediapipe_landmarks/part_1_06377977614939079-seedABOVE.npz
help,mediapipe_landmarks/part_8_help_1.npz
fs,mediapipe_landmarks/part_8_g_6_g_aug_5.npz
alarm,mediapipe_landmarks/part_5_7826436922750357-ALARM.npz
careful,mediapipe_landmarks/part_4_6356118271393487-CAREFUL.npz
escape,mediapipe_landmarks/part_3_4273682859083603-ESCAPE.npz
doctor,mediapipe_landmarks/part_8_doctor_20241119_172640_79.npz
water,mediapipe_landmarks/part_11_water_13.npz
careful,mediapipe_landmarks/part_1_03676668125120752-CAREFUL.npz
outside,mediapipe_landmarks/part_3_38500379300077614-OUTSIDE.npz
fire,mediapipe_landmarks/part_4_6102473517691671-FIRE.npz
doctor,mediapipe_landmarks/part_8_doctor_20241119_172640_21.npz
fs,mediapipe_landmarks/part_9_l_6_l_aug_20.npz
deaf,mediapipe_landmarks/part_7_deaf_20241119_172639_43.npz
need,mediapipe_landmarks/part_2_25388069654637513-NEED.npz
address,mediapipe_landmarks/part_6_address_video_14.npz
up,mediapipe_landmarks/part_3_44312511799282994-UP.npz
what,mediapipe_landmarks/part_11_what_20241119_172657_1.npz
right,mediapipe_landmarks/part_10_right_20241119_172651_25.npz
help,mediapipe_landmarks/part_1_032534532433647456-HELP.npz
where,mediapipe_landmarks/part_11_where_video_1.npz
stop,mediapipe_landmarks/part_4_692674622436245-STOP.npz
behind,mediapipe_landmarks/part_7_behind_video_7.npz
ok,mediapipe_landmarks/part_2_23965453401894954-OK.npz
right,mediapipe_landmarks/part_10_right_20241119_172651_47.npz
fs,mediapipe_landmarks/part_6_X_video_1_x_aug_22.npz
gun,mediapipe_landmarks/part_8_gun_20241119_172644_6.npz
nurse,mediapipe_landmarks/part_1_15017105800427033-NURSE.npz
drown,mediapipe_landmarks/part_8_drown_20241119_172640_136.npz
shoot,mediapipe_landmarks/part_10_shoot_20241119_172653_41.npz
stop,mediapipe_landmarks/part_1_12188061798454708-STOP.npz
stop,mediapipe_landmarks/part_4_564285386999722-STOP.npz
drown,mediapipe_landmarks/part_8_drown_20241119_172640_22.npz
drown,mediapipe_landmarks/part_8_drown_20241119_172640_37.npz
deaf,mediapipe_landmarks/part_7_deaf_20241119_172639_75.npz
write,mediapipe_landmarks/part_3_4950540994948227-WRITE.npz
under,mediapipe_landmarks/part_6_9256024170375103-UNDER.npz
fs,mediapipe_landmarks/part_6_a_4_a_aug_21.npz
sign,mediapipe_landmarks/part_10_sign_video_11.npz
rescue,mediapipe_landmarks/part_1_14500926079075693-RESCUE.npz
behind,mediapipe_landmarks/part_7_behind_17.npz
above,mediapipe_landmarks/part_4_6899392315897312-ABOVE.npz
calltty,mediapipe_landmarks/part_1_025856449207404264-CALL TTY.npz
phone,mediapipe_landmarks/part_6_9733888968626505-PHONE.npz
phone,mediapipe_landmarks/part_2_30264522619849-PHONE.npz
wait,mediapipe_landmarks/part_4_5419469718181713-WAIT.npz
help,mediapipe_landmarks/part_8_help_video_5.npz
careful,mediapipe_landmarks/part_5_8662699989641167-CAREFUL.npz
over,mediapipe_landmarks/part_9_over_video_3.npz
fingerspell,mediapipe_landmarks/part_8_fingerspell_4.npz
outside,mediapipe_landmarks/part_5_7321146997267207-OUTSIDE.npz
hurt,mediapipe_landmarks/part_1_04508175700479922-seedHURT.npz
phone,mediapipe_landmarks/part_10_phone_6.npz
need,mediapipe_landmarks/part_4_6280360769360449-NEED.npz
why,mediapipe_landmarks/part_11_why_video_4.npz
yes,mediapipe_landmarks/part_6_9009854854743657-YES.npz
go,mediapipe_landmarks/part_8_go_39.npz
drown,mediapipe_landmarks/part_8_drown_20241119_172640_3.npz
shoot,mediapipe_landmarks/part_10_shoot_20241119_172653_43.npz
shooting,mediapipe_landmarks/part_2_2011777599581217-SHOOTING.npz
between,mediapipe_landmarks/part_7_between_2.npz
up,mediapipe_landmarks/part_5_7748621705803562-UP.npz
help,mediapipe_landmarks/part_1_07603691172028904-HELP.npz
name,mediapipe_landmarks/part_6_9031073980623976-NAME.npz
when,mediapipe_landmarks/part_3_41444382165121185-WHEN.npz
front,mediapipe_landmarks/part_8_front_video_6.npz
careful,mediapipe_landmarks/part_2_2876164660288014-CAREFUL.npz
need,mediapipe_landmarks/part_9_need_video_4.npz
gun,mediapipe_landmarks/part_8_gun_20241119_172644_15.npz
outside,mediapipe_landmarks/part_2_2247676126436371-OUTSIDE.npz
rescue,mediapipe_landmarks/part_4_7175999150332233-RESCUE.npz
phone,mediapipe_landmarks/part_4_5984192076174009-seedPHONE.npz
sick,mediapipe_landmarks/part_2_3280234496255292-SICK.npz
anyone,mediapipe_landmarks/part_6_anyone.npz
sign,mediapipe_landmarks/part_3_3839299659641129-SIGN.npz
shooting,mediapipe_landmarks/part_5_7657307072476507-SHOOTING.npz
call,mediapipe_landmarks/part_7_call_20241119_172635_73.npz
wait,mediapipe_landmarks/part_6_9783535742177485-WAIT.npz
between,mediapipe_landmarks/part_3_525490575245563-BETWEEN.npz
fs,mediapipe_landmarks/part_8_e_3_e_aug_5.npz
fs,mediapipe_landmarks/part_6_O_video_0_o_aug_15.npz
address,mediapipe_landmarks/part_6_9665742622110927-ADDRESS.npz
gun,mediapipe_landmarks/part_8_gun_20241119_172644_94.npz
how,mediapipe_landmarks/part_9_how_20241119_172645_12.npz
read,mediapipe_landmarks/part_4_7179257483743249-READ.npz
back,mediapipe_landmarks/part_1_0748069680349488-BACK.npz
no,mediapipe_landmarks/part_9_no_10.npz
callattention,mediapipe_landmarks/part_3_3690687120363856-CALL ATTENTION.npz
tty,mediapipe_landmarks/part_1_02363358451594677-TTY.npz
phone,mediapipe_landmarks/part_10_phone_video_19.npz
drown,mediapipe_landmarks/part_8_drown_20241119_172640_52.npz
who,mediapipe_landmarks/part_11_who_video_12.npz
phone,mediapipe_landmarks/part_10_phone_video_18.npz
water,mediapipe_landmarks/part_11_water_5.npz
understand,mediapipe_landmarks/part_11_understand_12.npz
drown,mediapipe_landmarks/part_8_drown_20241119_172640_61.npz
call,mediapipe_landmarks/part_7_call_20241119_172635_22.npz
understand,mediapipe_landmarks/part_4_6508787541133374-UNDERSTAND.npz
drown,mediapipe_landmarks/part_8_drown_20241119_172640_24.npz
understand,mediapipe_landmarks/part_11_understand_3.npz
stop,mediapipe_landmarks/part_11_stop_video_33.npz
careful,mediapipe_landmarks/part_4_6000130895459876-CAREFUL.npz
hospital,mediapipe_landmarks/part_9_hospital_20241119_172645_10.npz
smoke,mediapipe_landmarks/part_6_9368397695394912-SMOKE.npz
address,mediapipe_landmarks/part_6_address_video_22.npz
above,mediapipe_landmarks/part_6_above_video_6.npz
fs,mediapipe_landmarks/part_6_T • ASL Dictionary.npz
fingerspelling,mediapipe_landmarks/part_4_6076245637491986-FINGERSPELLING.npz
doctor,mediapipe_landmarks/part_8_doctor_20241119_172640_9.npz
shoot,mediapipe_landmarks/part_10_shoot_20241119_172653_73.npz
left,mediapipe_landmarks/part_1_011558562815046303-LEFT.npz
front,mediapipe_landmarks/part_8_front_video_0.npz
outside,mediapipe_landmarks/part_1_05048015297918118-OUTSIDE.npz
drown,mediapipe_landmarks/part_8_drown_20241119_172640_59.npz
help,mediapipe_landmarks/part_4_6037747479203328-HELP.npz
why,mediapipe_landmarks/part_5_7317136659517625-WHY.npz
how,mediapipe_landmarks/part_9_how_20241119_173205.npz
name,mediapipe_landmarks/part_9_name_video_17.npz
calltty,mediapipe_landmarks/part_5_8551354192921734-CALL TTY.npz
read,mediapipe_landmarks/part_10_read_video_8.npz
understand,mediapipe_landmarks/part_11_understand_video_0.npz
drown,mediapipe_landmarks/part_8_drown_20241119_172640_142.npz
down,mediapipe_landmarks/part_8_down_video_21.npz
alarm,mediapipe_landmarks/part_3_3837366976047847-ALARM.npz
hospital,mediapipe_landmarks/part_9_hospital_20241119_172645_66.npz
near,mediapipe_landmarks/part_5_799511982280311-NEAR.npz
fs,mediapipe_landmarks/part_6_O_o_aug_6.npz
doctor,mediapipe_landmarks/part_8_doctor_20241119_172640_45.npz
deaf,mediapipe_landmarks/part_7_deaf_20241119_172639_56.npz
smoke,mediapipe_landmarks/part_5_8362382766907357-SMOKE.npz
yes,mediapipe_landmarks/part_11_yes_video_7.npz
yes,mediapipe_landmarks/part_3_42327270691916885-YES.npz
now,mediapipe_landmarks/part_4_6338605557798189-NOW.npz
why,mediapipe_landmarks/part_2_20564555475489255-WHY.npz
drown,mediapipe_landmarks/part_8_drown_20241119_172641_4.npz
shoot,mediapipe_landmarks/part_10_shoot_20241119_172653_64.npz
write,mediapipe_landmarks/part_2_3482678416066407-WRITE.npz
name,mediapipe_landmarks/part_5_7743830371689544-NAME.npz
gun,mediapipe_landmarks/part_8_gun_20241119_172644_40.npz
hospital,mediapipe_landmarks/part_9_hospital_20241119_172645_6.npz
shoot,mediapipe_landmarks/part_10_shoot_20241119_172653_25.npz
shooting,mediapipe_landmarks/part_3_4044354621293942-SHOOTING.npz
water,mediapipe_landmarks/part_4_6842760193004458-WATER.npz
need,mediapipe_landmarks/part_2_23302415519785113-NEED.npz
above,mediapipe_landmarks/part_6_above_video_5.npz
drown,mediapipe_landmarks/part_8_drown_20241119_172640_88.npz
front,mediapipe_landmarks/part_8_front_6.npz
no,mediapipe_landmarks/part_9_no_12.npz
accident,mediapipe_landmarks/part_4_6530217528561999-ACCIDENT.npz
over,mediapipe_landmarks/part_2_25247994709811294-OVER.npz
how,mediapipe_landmarks/part_9_how_20241119_172645_5.npz
front,mediapipe_landmarks/part_6_9479988066440874-FRONT.npz
know,mediapipe_landmarks/part_5_8084325176169471-KNOW.npz
why,mediapipe_landmarks/part_1_015395985479345287-WHY.npz
fingerspelling,mediapipe_landmarks/part_8_fingerspell_video_0.npz
alarm,mediapipe_landmarks/part_1_050082045994648716-ALARM.npz
right,mediapipe_landmarks/part_10_right_20241119_172651_107.npz
hurt,mediapipe_landmarks/part_9_hurt_video_27.npz
wait,mediapipe_landmarks/part_4_6462406278843633-WAIT.npz
under,mediapipe_landmarks/part_4_5498217912248038-seedUNDER.npz
fs,mediapipe_landmarks/part_6_K_video_0_k_aug_24.npz
go,mediapipe_landmarks/part_8_go_video_24.npz
behind,mediapipe_landmarks/part_7_behind_video_16.npz
wait,mediapipe_landmarks/part_11_wait_2.npz
nurse,mediapipe_landmarks/part_9_nurse_video_0.npz
escape,mediapipe_landmarks/part_1_06720328586043323-ESCAPE.npz
fs,mediapipe_landmarks/part_6_M_video_2_m_aug_24.npz
sign,mediapipe_landmarks/part_6_9082211785363523-SIGN.npz
know,mediapipe_landmarks/part_4_6635155508761357-KNOW.npz
hospital,mediapipe_landmarks/part_9_hospital_20241119_172645_40.npz
smoke,mediapipe_landmarks/part_6_9708968483586795-SMOKE.npz
right,mediapipe_landmarks/part_10_right_20241119_172651_95.npz
phone,mediapipe_landmarks/part_10_phone_video_16.npz
front,mediapipe_landmarks/part_8_front_video_3.npz
blood,mediapipe_landmarks/part_3_4321205186551702-BLOOD.npz
drown,mediapipe_landmarks/part_8_drown_20241119_172640_104.npz
sick,mediapipe_landmarks/part_5_7809273250779392-seedSICK.npz
callattention,mediapipe_landmarks/part_3_39369003155880167-CALL ATTENTION.npz
who,mediapipe_landmarks/part_1_16927688445154376-WHO.npz
hospital,mediapipe_landmarks/part_9_hospital_20241119_172645_76.npz
back,mediapipe_landmarks/part_6_back_0.npz
inside,mediapipe_landmarks/part_6_9749836996830414-INSIDE.npz
how,mediapipe_landmarks/part_9_how_20241119_172645_76.npz
help,mediapipe_landmarks/part_8_help_video_28.npz
write,mediapipe_landmarks/part_11_write_video_7.npz
near,mediapipe_landmarks/part_9_near_video_9.npz
yes,mediapipe_landmarks/part_11_yes_8.npz
go,mediapipe_landmarks/part_5_7813105619399183-GO.npz
what,mediapipe_landmarks/part_11_what_20241119_172657_43.npz
careful,mediapipe_landmarks/part_7_careful_video_2.npz
drown,mediapipe_landmarks/part_8_drown_20241119_172640_115.npz
stop,mediapipe_landmarks/part_11_stop_video_23.npz
back,mediapipe_landmarks/part_2_34079176753969187-BACK.npz
fs,mediapipe_landmarks/part_8_f_7.npz
down,mediapipe_landmarks/part_3_48839523433827847-DOWN.npz
hurt,mediapipe_landmarks/part_3_39916997099175644-HURT.npz
help,mediapipe_landmarks/part_4_6967335705063062-HELP.npz
know,mediapipe_landmarks/part_4_5459703474168827-KNOW.npz
doctor,mediapipe_landmarks/part_8_doctor_20241119_172640_58.npz
interpreter,mediapipe_landmarks/part_1_10872535872109146-INTERPRETER.npz
down,mediapipe_landmarks/part_2_2839948372412673-DOWN.npz
read,mediapipe_landmarks/part_4_6024023486827315-READ.npz
fs,mediapipe_landmarks/part_6_T_video_1_t_aug_1.npz
wait,mediapipe_landmarks/part_11_wait_video_15.npz
nurse,mediapipe_landmarks/part_9_nurse_8.npz
fs,mediapipe_landmarks/part_6_A_video_1.npz
right,mediapipe_landmarks/part_10_right_20241119_172651_82.npz
now,mediapipe_landmarks/part_9_now_9.npz
help,mediapipe_landmarks/part_8_help_video_0.npz
understand,mediapipe_landmarks/part_11_understand_video_2.npz
yes,mediapipe_landmarks/part_11_yes_video_4.npz
pain,mediapipe_landmarks/part_5_8956081644552207-PAIN.npz
right,mediapipe_landmarks/part_10_right_20241119_172651_84.npz
drown,mediapipe_landmarks/part_8_drown_20241119_172640_126.npz
yes,mediapipe_landmarks/part_11_yes_video_13.npz
yes,mediapipe_landmarks/part_1_09905526235759088-YES.npz
know,mediapipe_landmarks/part_2_23597714310638485-KNOW.npz
tty,mediapipe_landmarks/part_2_21240668799627316-TTY.npz
read,mediapipe_landmarks/part_5_8703954060284524-READ.npz
understand,mediapipe_landmarks/part_11_understand_9.npz
need,mediapipe_landmarks/part_2_2957896307414234-NEED.npz
water,mediapipe_landmarks/part_2_25669396550888335-WATER.npz
hospital,mediapipe_landmarks/part_9_hospital_20241119_172645_39.npz
go,mediapipe_landmarks/part_8_go_video_28.npz
escape,mediapipe_landmarks/part_1_08377528147892899-ESCAPE.npz
drown,mediapipe_landmarks/part_8_drown_20241119_172640_31.npz
deaf,mediapipe_landmarks/part_7_deaf_20241119_172639_3.npz
help,mediapipe_landmarks/part_8_help_video_2.npz
back,mediapipe_landmarks/part_6_back_video_9.npz
sick,mediapipe_landmarks/part_1_13944307146406487-SICK.npz
sick,mediapipe_landmarks/part_10_sick_5.npz
right,mediapipe_landmarks/part_10_right_20241119_172651_73.npz
understand,mediapipe_landmarks/part_11_understand_4.npz
fs,mediapipe_landmarks/part_9_m_4.npz
nurse,mediapipe_landmarks/part_9_nurse_video_3.npz
careful,mediapipe_landmarks/part_2_2485813635814047-CAREFUL.npz
fs,mediapipe_landmarks/part_8_f_5.npz
near,mediapipe_landmarks/part_9_near_video_13.npz
under,mediapipe_landmarks/part_11_under_9.npz
near,mediapipe_landmarks/part_9_near_video_12.npz
hurt,mediapipe_landmarks/part_1_023534771855838965-HURT.npz
near,mediapipe_landmarks/part_4_5610091361521203-NEAR.npz
escape,mediapipe_landmarks/part_4_6925608774410787-ESCAPE.npz
stop,mediapipe_landmarks/part_2_21416838482074008-STOP.npz
need,mediapipe_landmarks/part_5_8848744369087989-NEED.npz
drown,mediapipe_landmarks/part_8_drown_20241119_172641_5.npz
interpreter,mediapipe_landmarks/part_4_6078622581352742-INTERPRETER.npz
right,mediapipe_landmarks/part_10_right_20241119_172651_85.npz
drown,mediapipe_landmarks/part_8_drown_20241119_172640_119.npz
smoke,mediapipe_landmarks/part_10_smoke_video_9.npz
left,mediapipe_landmarks/part_1_10932856095070553-LEFT.npz
how,mediapipe_landmarks/part_9_how_20241119_172645_1.npz
breathe,mediapipe_landmarks/part_1_11515716931537123-BREATHE.npz
sick,mediapipe_landmarks/part_4_6885382807632885-SICK.npz
fs,mediapipe_landmarks/part_8_g_5_g_aug_17.npz
shoot,mediapipe_landmarks/part_10_shoot_20241119_172653_32.npz
sick,mediapipe_landmarks/part_3_40883500861073974-SICK.npz
hurt,mediapipe_landmarks/part_1_012509443500401618-HURT.npz
fingerspelling,mediapipe_landmarks/part_8_fingerspell_video_4.npz
calltty,mediapipe_landmarks/part_5_7394336705482314-CALL TTY.npz
shoot,mediapipe_landmarks/part_10_shoot_20241119_172653_23.npz
what,mediapipe_landmarks/part_11_what_20241119_172657_37.npz
near,mediapipe_landmarks/part_9_near_video_8.npz
wait,mediapipe_landmarks/part_11_wait_7.npz
call,mediapipe_landmarks/part_7_call_20241119_172635_25.npz
fingerspelling,mediapipe_landmarks/part_3_492593357980317-FINGERSPELLING.npz
no,mediapipe_landmarks/part_3_5082858473744953-NO.npz
call,mediapipe_landmarks/part_7_call_20241119_172635_27.npz
gun,mediapipe_landmarks/part_8_gun_20241119_172644_77.npz
fs,mediapipe_landmarks/part_10_r_video_0_r_aug_32.npz
back,mediapipe_landmarks/part_6_back_video_24.npz
outside,mediapipe_landmarks/part_9_outside_8.npz
fs,mediapipe_landmarks/part_6_E • ASL Dictionary_e_aug_23.npz
fs,mediapipe_landmarks/part_9_i_5_i_aug_27.npz
hospital,mediapipe_landmarks/part_9_hospital_20241119_172645_75.npz
drown,mediapipe_landmarks/part_8_drown_20241119_172640_103.npz
how,mediapipe_landmarks/part_9_how_20241119_172645_58.npz
phone,mediapipe_landmarks/part_10_phone_video_8.npz
down,mediapipe_landmarks/part_1_014494755970356099-DOWN.npz
deaf,mediapipe_landmarks/part_7_deaf_20241119_172639_35.npz
fs,mediapipe_landmarks/part_9_i_8_i_aug_17.npz
breathe,mediapipe_landmarks/part_7_breathe_video_4.npz
rescue,mediapipe_landmarks/part_6_9976183679429795-RESCUE.npz
siren,mediapipe_landmarks/part_6_9890372187266334-SIREN.npz
gun,mediapipe_landmarks/part_8_gun_20241119_172644_57.npz
accident,mediapipe_landmarks/part_6_accident.npz
siren,mediapipe_landmarks/part_4_5762219115843481-SIREN.npz
yes,mediapipe_landmarks/part_3_41279108584600577-YES.npz
hurt,mediapipe_landmarks/part_5_834862039759457-HURT.npz
what,mediapipe_landmarks/part_11_what_20241119_172657_68.npz
hospital,mediapipe_landmarks/part_9_hospital_20241119_172645_22.npz
bleed,mediapipe_landmarks/part_5_7530330475576241-BLEED.npz
hospital,mediapipe_landmarks/part_9_hospital_20241119_172645_32.npz
down,mediapipe_landmarks/part_8_down_video_12.npz
when,mediapipe_landmarks/part_3_4307738435108923-WHEN.npz
bleed,mediapipe_landmarks/part_2_276635443509617-BLEED.npz
nurse,mediapipe_landmarks/part_5_761043154720521-NURSE.npz
water,mediapipe_landmarks/part_6_H2O_video_3.npz
gun,mediapipe_landmarks/part_8_gun_20241119_172644_58.npz
interpreter,mediapipe_landmarks/part_9_interpreter_1.npz
fs,mediapipe_landmarks/part_11_v_4_v_aug_17.npz
deaf,mediapipe_landmarks/part_7_deaf_20241119_172639_61.npz
siren,mediapipe_landmarks/part_4_6516443939954588-SIREN.npz
safe,mediapipe_landmarks/part_3_47466100242663156-SAFE.npz
under,mediapipe_landmarks/part_11_under_5.npz
call,mediapipe_landmarks/part_7_call_20241119_172635_60.npz
nurse,mediapipe_landmarks/part_9_nurse_video_8.npz
name,mediapipe_landmarks/part_1_07550237967516482-NAME.npz
outside,mediapipe_landmarks/part_2_19997640762178648-OUTSIDE.npz
accident,mediapipe_landmarks/part_3_5187973451212378-ACCIDENT.npz
down,mediapipe_landmarks/part_5_8174822774872321-DOWN.npz
go,mediapipe_landmarks/part_8_go_video_13.npz
safe,mediapipe_landmarks/part_5_8378988484315024-SAFE.npz
sick,mediapipe_landmarks/part_1_00961775886447791-SICK.npz
tty,mediapipe_landmarks/part_6_9533767846505157-TTY.npz
hospital,mediapipe_landmarks/part_9_hospital_20241119_172645_24.npz
siren,mediapipe_landmarks/part_1_1656211312444389-SIREN.npz
back,mediapipe_landmarks/part_6_back_video_25.npz
siren,mediapipe_landmarks/part_2_30759692284144236-SIREN.npz
safe,mediapipe_landmarks/part_10_safe_3.npz
write,mediapipe_landmarks/part_5_8940834130363486-WRITE.npz
phone,mediapipe_landmarks/part_3_39576593049261777-PHONE.npz
down,mediapipe_landmarks/part_5_8508712903708244-DOWN.npz
shooting,mediapipe_landmarks/part_5_7567992699063226-SHOOTING.npz
fs,mediapipe_landmarks/part_6_b_4_b_aug_30.npz
sick,mediapipe_landmarks/part_3_45273738498753846-SICK.npz
when,mediapipe_landmarks/part_3_5215592040153327-WHEN.npz
name,mediapipe_landmarks/part_9_name_video_12.npz
when,mediapipe_landmarks/part_3_4541594924072119-WHEN.npz
fs,mediapipe_landmarks/part_6_M_video_1_m_aug_11.npz
gun,mediapipe_landmarks/part_8_gun_20241119_172644_98.npz
anyone,mediapipe_landmarks/part_6_931782741467386-ANYONE.npz
down,mediapipe_landmarks/part_8_down_video_7.npz
under,mediapipe_landmarks/part_4_6734540683790273-UNDER.npz
inside,mediapipe_landmarks/part_1_10598037016025708-INSIDE.npz
hospital,mediapipe_landmarks/part_9_hospital_20241119_173205.npz
drown,mediapipe_landmarks/part_8_drown_20241119_172640_57.npz
hurt,mediapipe_landmarks/part_9_hurt_video_18.npz
hurt,mediapipe_landmarks/part_1_14205958632175242-HURT.npz
go,mediapipe_landmarks/part_5_8354410716389704-GO.npz
over,mediapipe_landmarks/part_3_36266006490335845-OVER.npz
fingerspell,mediapipe_landmarks/part_1_01294532226887557-seedFINGERSPELL.npz
near,mediapipe_landmarks/part_9_near_video_32.npz
drown,mediapipe_landmarks/part_8_drown_20241119_172640_51.npz
down,mediapipe_landmarks/part_3_4645797429587306-DOWN.npz
no,mediapipe_landmarks/part_2_2140134632834978-NO.npz
near,mediapipe_landmarks/part_9_near_video_23.npz
shoot,mediapipe_landmarks/part_10_shoot_20241119_172653_33.npz
drown,mediapipe_landmarks/part_8_drown_20241119_172640_80.npz
deaf,mediapipe_landmarks/part_7_deaf_20241119_172639_36.npz
callattention,mediapipe_landmarks/part_5_7240767096148903-CALL ATTENTION.npz
near,mediapipe_landmarks/part_9_near_10.npz
gun,mediapipe_landmarks/part_8_gun_20241119_172644_61.npz
sick,mediapipe_landmarks/part_3_46526275710038-SICK.npz
fs,mediapipe_landmarks/part_8_h_7.npz
name,mediapipe_landmarks/part_9_name_video_8.npz
inside,mediapipe_landmarks/part_9_inside.npz
doctor,mediapipe_landmarks/part_8_doctor_20241119_172640_67.npz
know,mediapipe_landmarks/part_9_know_14.npz
outside,mediapipe_landmarks/part_9_outside_15.npz
escape,mediapipe_landmarks/part_3_47419322298185773-ESCAPE.npz
shoot,mediapipe_landmarks/part_10_shoot_20241119_172653_22.npz
know,mediapipe_landmarks/part_1_08948222222557001-KNOW.npz
gun,mediapipe_landmarks/part_8_gun_20241119_172644_29.npz
tty,mediapipe_landmarks/part_2_21517073548392274-TTY.npz
calltty,mediapipe_landmarks/part_2_28443825486402274-CALL TTY.npz
know,mediapipe_landmarks/part_6_9903896454591405-KNOW.npz
hospital,mediapipe_landmarks/part_9_hospital_20241119_172645_9.npz
breathe,mediapipe_landmarks/part_1_13669710148529668-BREATHE.npz
calltty,mediapipe_landmarks/part_1_014269563059511103-CALL TTY.npz
behind,mediapipe_landmarks/part_6_9859412032023418-BEHIND.npz
fire,mediapipe_landmarks/part_1_16211997905084918-FIRE.npz
blood,mediapipe_landmarks/part_4_551497141887408-BLOOD.npz
gun,mediapipe_landmarks/part_8_gun_20241119_172644_35.npz
fs,mediapipe_landmarks/part_6_U_video_2_u_aug_3.npz
name,mediapipe_landmarks/part_9_name_video_0.npz
down,mediapipe_landmarks/part_8_down_video_13.npz
escape,mediapipe_landmarks/part_2_2582320612911275-ESCAPE.npz
water,mediapipe_landmarks/part_11_water_9.npz
right,mediapipe_landmarks/part_10_right_20241119_172651_69.npz
why,mediapipe_landmarks/part_2_2565336440424879-WHY.npz
escape,mediapipe_landmarks/part_8_escape_8.npz
sign,mediapipe_landmarks/part_2_24023419615255004-SIGN.npz
accident,mediapipe_landmarks/part_3_3802527701650662-seedACCIDENT.npz
write,mediapipe_landmarks/part_11_write_video_15.npz
wait,mediapipe_landmarks/part_11_wait_video_16.npz
read,mediapipe_landmarks/part_1_039314365088337855-READ.npz
sick,mediapipe_landmarks/part_10_sick_8.npz
drown,mediapipe_landmarks/part_8_drown_20241119_172640_13.npz
above,mediapipe_landmarks/part_6_above_2.npz
what,mediapipe_landmarks/part_11_what_20241119_172657_77.npz
name,mediapipe_landmarks/part_9_name.npz
when,mediapipe_landmarks/part_2_30761677377292984-WHEN.npz
why,mediapipe_landmarks/part_11_why_7.npz
sign,mediapipe_landmarks/part_10_sign_video_12.npz
siren,mediapipe_landmarks/part_3_3811289614963278-SIREN.npz
outside,mediapipe_landmarks/part_6_916286415627332-OUTSIDE.npz
inside,mediapipe_landmarks/part_4_6861641803078751-INSIDE.npz
deaf,mediapipe_landmarks/part_7_deaf_20241119_172639_6.npz
stop,mediapipe_landmarks/part_6_975560309489212-STOP.npz
safe,mediapipe_landmarks/part_2_1910275844809768-SAFE.npz
when,mediapipe_landmarks/part_1_05635557714446593-WHEN.npz
gun,mediapipe_landmarks/part_8_gun_20241119_172644_23.npz
yes,mediapipe_landmarks/part_11_yes_video_8.npz
gun,mediapipe_landmarks/part_8_gun_20241119_172644_54.npz
fingerspelling,mediapipe_landmarks/part_5_78691860985753-FINGERSPELLING.npz
need,mediapipe_landmarks/part_9_need_video_5.npz
need,mediapipe_landmarks/part_2_28071486967073533-NEED.npz
above,mediapipe_landmarks/part_2_18500814503221719-ABOVE.npz
hospital,mediapipe_landmarks/part_9_hospital_20241119_172645_27.npz
smoke,mediapipe_landmarks/part_10_smoke_video_7.npz
alarm,mediapipe_landmarks/part_1_058048996366747874-ALARM.npz
inside,mediapipe_landmarks/part_9_inside_video_6.npz
address,mediapipe_landmarks/part_6_address_video_7.npz
fingerspell,mediapipe_landmarks/part_4_6205432350056654-FINGERSPELL.npz
under,mediapipe_landmarks/part_11_under_video_1.npz
when,mediapipe_landmarks/part_1_09534265160807731-WHEN.npz
tty,mediapipe_landmarks/part_1_12679126952500375-TTY.npz
drown,mediapipe_landmarks/part_8_drown_20241119_172640_139.npz
hospital,mediapipe_landmarks/part_9_hospital_20241119_172645_21.npz
how,mediapipe_landmarks/part_9_how_20241119_172645_32.npz
danger,mediapipe_landmarks/part_1_046980655271755545-DANGER.npz
pain,mediapipe_landmarks/part_9_pain_7.npz
front,mediapipe_landmarks/part_8_front_video_8.npz
how,mediapipe_landmarks/part_9_how_20241119_172645_26.npz
phone,mediapipe_landmarks/part_2_26154372036264695-PHONE.npz
fs,mediapipe_landmarks/part_6_Z_video_2_z_aug_31.npz
deaf,mediapipe_landmarks/part_7_deaf_20241119_172639_84.npz
careful,mediapipe_landmarks/part_7_careful_video_5.npz
behind,mediapipe_landmarks/part_2_19446687574696409-BEHIND.npz
bleed,mediapipe_landmarks/part_5_7921459983875652-BLEED.npz
smoke,mediapipe_landmarks/part_5_7485291130172995-SMOKE.npz
alarm,mediapipe_landmarks/part_6_alarm_video_13.npz
who,mediapipe_landmarks/part_11_who_24.npz
siren,mediapipe_landmarks/part_1_09662306882215832-seedSIREN.npz
yes,mediapipe_landmarks/part_11_yes_9.npz
left,mediapipe_landmarks/part_2_32619512312137755-LEFT.npz
ok,mediapipe_landmarks/part_5_8699676621201298-OK.npz
under,mediapipe_landmarks/part_11_under_8.npz
drown,mediapipe_landmarks/part_8_drown_20241119_172640_121.npz
right,mediapipe_landmarks/part_10_right_20241119_172651_20.npz
stop,mediapipe_landmarks/part_2_21963390619756917-STOP.npz
need,mediapipe_landmarks/part_9_need_video_3.npz
pain,mediapipe_landmarks/part_2_2527077785378311-PAIN.npz
left,mediapipe_landmarks/part_2_28919939127530236-LEFT.npz
why,mediapipe_landmarks/part_1_009620790877519658-seedWHY.npz
sign,mediapipe_landmarks/part_10_sign_28.npz
fs,mediapipe_landmarks/part_6_V_video_3_v_aug_1.npz
down,mediapipe_landmarks/part_8_down_video_4.npz
water,mediapipe_landmarks/part_11_water_17.npz
phone,mediapipe_landmarks/part_10_phone_video_0.npz
fs,mediapipe_landmarks/part_6_a_7_a_aug_32.npz
alarm,mediapipe_landmarks/part_6_alarm_video_0.npz
hospital,mediapipe_landmarks/part_9_hospital_20241119_172645_62.npz
when,mediapipe_landmarks/part_11_when_1.npz
ok,mediapipe_landmarks/part_9_ok_7.npz
sign,mediapipe_landmarks/part_2_22883455904103656-SIGN.npz
right,mediapipe_landmarks/part_10_right_20241119_172651_81.npz
deaf,mediapipe_landmarks/part_7_deaf_20241119_172639_47.npz
how,mediapipe_landmarks/part_9_how_20241119_172645_4.npz
know,mediapipe_landmarks/part_2_35480630391441204-KNOW.npz
interpreter,mediapipe_landmarks/part_1_16545208268054457-INTERPRETER.npz
bleed,mediapipe_landmarks/part_2_26189808576200035-BLEED.npz
now,mediapipe_landmarks/part_2_3186686241379755-NOW.npz
fs,mediapipe_landmarks/part_6_Y_video_2_y_aug_33.npz
back,mediapipe_landmarks/part_4_6183067261298174-BACK.npz
sign,mediapipe_landmarks/part_3_4847160098743586-SIGN.npz
fs,mediapipe_landmarks/part_7_c_2_c_aug_21.npz
gun,mediapipe_landmarks/part_8_gun_20241119_172644_65.npz
who,mediapipe_landmarks/part_1_05073186101305538-WHO.npz
write,mediapipe_landmarks/part_11_write_9.npz
fs,mediapipe_landmarks/part_6_U • ASL Dictionary.npz
gun,mediapipe_landmarks/part_8_gun_20241119_172644_60.npz
back,mediapipe_landmarks/part_6_back_1.npz
what,mediapipe_landmarks/part_11_what_20241119_172657_48.npz
between,mediapipe_landmarks/part_1_044505669490709776-seedBETWEEN.npz
back,mediapipe_landmarks/part_3_37619564288052243-BACK.npz
doctor,mediapipe_landmarks/part_8_doctor_20241119_172640_43.npz
left,mediapipe_landmarks/part_9_left_video_6.npz
front,mediapipe_landmarks/part_2_21259598634265964-FRONT.npz
right,mediapipe_landmarks/part_10_right_20241119_172651_76.npz
where,mediapipe_landmarks/part_5_8969965061622676-WHERE.npz
down,mediapipe_landmarks/part_8_down_video_5.npz
go,mediapipe_landmarks/part_8_go_video_25.npz
deaf,mediapipe_landmarks/part_7_deaf_20241119_172639_18.npz
call,mediapipe_landmarks/part_7_call_20241119_172635_47.npz
who,mediapipe_landmarks/part_11_who_video_8.npz
careful,mediapipe_landmarks/part_2_3449889630250078-CAREFUL.npz
how,mediapipe_landmarks/part_9_how_20241119_172645_61.npz
where,mediapipe_landmarks/part_11_where_11.npz
rescue,mediapipe_landmarks/part_3_3866235464114536-RESCUE.npz
up,mediapipe_landmarks/part_11_up_3.npz
phone,mediapipe_landmarks/part_5_7825700689768427-PHONE.npz
now,mediapipe_landmarks/part_3_404670456586959-NOW.npz
right,mediapipe_landmarks/part_10_right_20241119_172651_33.npz
under,mediapipe_landmarks/part_11_under_video_0.npz
accident,mediapipe_landmarks/part_6_accident_14.npz
escape,mediapipe_landmarks/part_8_escape_video_0.npz
doctor,mediapipe_landmarks/part_8_doctor_20241119_172640_13.npz
what,mediapipe_landmarks/part_11_what_20241119_172657_4.npz
sign,mediapipe_landmarks/part_10_sign_27.npz
fs,mediapipe_landmarks/part_9_p_7_p_aug_10.npz
phone,mediapipe_landmarks/part_5_7878263794411522-PHONE.npz
who,mediapipe_landmarks/part_1_044977332478077336-WHO.npz
need,mediapipe_landmarks/part_9_need_14.npz
drown,mediapipe_landmarks/part_8_drown_20241119_172640_71.npz
fs,mediapipe_landmarks/part_7_c_2_c_aug_28.npz
what,mediapipe_landmarks/part_11_what_20241119_172657_46.npz
yes,mediapipe_landmarks/part_11_yes_video_9.npz
fs,mediapipe_landmarks/part_6_R • ASL Dictionary_r_aug_20.npz
gun,mediapipe_landmarks/part_8_gun_20241119_172644_70.npz
doctor,mediapipe_landmarks/part_8_doctor_20241119_172640_3.npz
callattention,mediapipe_landmarks/part_3_4994396327757853-CALL ATTENTION.npz
name,mediapipe_landmarks/part_5_721473614329061-NAME.npz
how,mediapipe_landmarks/part_9_how_20241119_172645_79.npz
right,mediapipe_landmarks/part_10_right_20241119_172651_100.npz
no,mediapipe_landmarks/part_9_no_19.npz
no,mediapipe_landmarks/part_4_6901051427765104-NO.npz
blood,mediapipe_landmarks/part_1_06659727414114647-BLOOD.npz
careful,mediapipe_landmarks/part_2_2438471227297887-CAREFUL.npz
calltty,mediapipe_landmarks/part_2_33714275634717294-CALL TTY.npz
drown,mediapipe_landmarks/part_8_drown_20241119_172640_42.npz
phone,mediapipe_landmarks/part_3_5360935407801806-PHONE.npz
blood,mediapipe_landmarks/part_7_blood_video_1.npz
what,mediapipe_landmarks/part_11_what_20241119_172657_70.npz
hardofhearing,mediapipe_landmarks/part_3_48761168882082084-HARD OF_HEARING.npz
drown,mediapipe_landmarks/part_8_drown_20241119_172640_73.npz
go,mediapipe_landmarks/part_8_go_video_49.npz
front,mediapipe_landmarks/part_1_013632571602931964-FRONT.npz
fs,mediapipe_landmarks/part_9_i_3_i_aug_8.npz
what,mediapipe_landmarks/part_11_what_20241119_172657_72.npz
write,mediapipe_landmarks/part_3_41981255125221795-WRITE.npz
escape,mediapipe_landmarks/part_4_5452240161577155-ESCAPE.npz
right,mediapipe_landmarks/part_10_right_20241119_172651_43.npz
help,mediapipe_landmarks/part_8_help_video_6.npz
where,mediapipe_landmarks/part_11_where_10.npz
why,mediapipe_landmarks/part_11_why_video_12.npz
sign,mediapipe_landmarks/part_10_sign_9.npz
read,mediapipe_landmarks/part_2_25413373086933655-READ.npz
where,mediapipe_landmarks/part_11_where_video_5.npz
up,mediapipe_landmarks/part_11_up_video_11.npz
call,mediapipe_landmarks/part_7_call_20241119_172635_17.npz
address,mediapipe_landmarks/part_6_address_video_12.npz
water,mediapipe_landmarks/part_2_29650119146688847-WATER.npz
above,mediapipe_landmarks/part_6_9042391639659426-ABOVE.npz
understand,mediapipe_landmarks/part_3_40550375821025386-UNDERSTAND.npz
hardofhearing,mediapipe_landmarks/part_1_048777757774523645-HARD OF_HEARING.npz
smoke,mediapipe_landmarks/part_5_8619482352108512-SMOKE.npz
read,mediapipe_landmarks/part_10_read_video_6.npz
address,mediapipe_landmarks/part_6_address_video_4.npz
hardofhearing,mediapipe_landmarks/part_3_5012660860598728-HARD OF_HEARING.npz
shoot,mediapipe_landmarks/part_10_shoot_20241119_172653_37.npz
fs,mediapipe_landmarks/part_6_F • ASL Dictionary_f_aug_39.npz
name,mediapipe_landmarks/part_1_1420689770801613-NAME.npz
when,mediapipe_landmarks/part_5_782941320203238-WHEN.npz
gun,mediapipe_landmarks/part_8_gun_20241119_172644_27.npz
go,mediapipe_landmarks/part_2_30544213991231106-GO.npz
help,mediapipe_landmarks/part_8_help_video_16.npz
how,mediapipe_landmarks/part_9_how_20241119_172645_46.npz
why,mediapipe_landmarks/part_11_why_11.npz
near,mediapipe_landmarks/part_9_near_6.npz
write,mediapipe_landmarks/part_6_9173898440387622-WRITE.npz
anyone,mediapipe_landmarks/part_5_7224199836145444-ANYONE.npz
fs,mediapipe_landmarks/part_6_C_c_aug_4.npz
where,mediapipe_landmarks/part_1_17354191997018575-WHERE.npz
right,mediapipe_landmarks/part_10_right_20241119_172651_79.npz
stop,mediapipe_landmarks/part_11_stop.npz
breathe,mediapipe_landmarks/part_7_breathe_0.npz
left,mediapipe_landmarks/part_9_left_video_4.npz
drown,mediapipe_landmarks/part_8_drown_20241119_172640_54.npz
who,mediapipe_landmarks/part_11_who_8.npz
how,mediapipe_landmarks/part_9_how_20241119_172645_29.npz
read,mediapipe_landmarks/part_10_read_video_7.npz
under,mediapipe_landmarks/part_11_under_video_5.npz
what,mediapipe_landmarks/part_11_what_20241119_172657_84.npz
fingerspelling,mediapipe_landmarks/part_5_7207278201122214-seedFINGERSPELLING.npz
how,mediapipe_landmarks/part_9_how_20241119_172645.npz
drown,mediapipe_landmarks/part_8_drown_20241119_172640_47.npz
behind,mediapipe_landmarks/part_3_38957044554338793-BEHIND.npz
sign,mediapipe_landmarks/part_10_sign_video_10.npz
fire,mediapipe_landmarks/part_1_11352786686397942-FIRE.npz
why,mediapipe_landmarks/part_11_why_9.npz
who,mediapipe_landmarks/part_11_who_video_0.npz
outside,mediapipe_landmarks/part_9_outside_12.npz
anyone,mediapipe_landmarks/part_4_6158933637490949-ANYONE.npz
help,mediapipe_landmarks/part_8_help_video_10.npz
shoot,mediapipe_landmarks/part_10_shoot_20241119_172653_6.npz
fs,mediapipe_landmarks/part_6_Z_video_2_z_aug_7.npz
left,mediapipe_landmarks/part_3_3657304306642799-LEFT.npz
stop,mediapipe_landmarks/part_5_7757946316597986-STOP.npz
call,mediapipe_landmarks/part_7_call_20241119_172635_30.npz
call,mediapipe_landmarks/part_7_call_20241119_172635_31.npz
danger,mediapipe_landmarks/part_4_5539059143952298-DANGER.npz
when,mediapipe_landmarks/part_11_when_16.npz
water,mediapipe_landmarks/part_11_water_14.npz
phone,mediapipe_landmarks/part_10_phone_video_15.npz
pain,mediapipe_landmarks/part_5_7367332930335526-PAIN.npz
near,mediapipe_landmarks/part_4_5535705684704044-NEAR.npz
escape,mediapipe_landmarks/part_4_6678239485343471-ESCAPE.npz
careful,mediapipe_landmarks/part_7_careful_3.npz
go,mediapipe_landmarks/part_5_7701619196687932-GO.npz
calltty,mediapipe_landmarks/part_4_6248360174355057-CALL TTY.npz
drown,mediapipe_landmarks/part_8_drown_20241119_172641_8.npz
go,mediapipe_landmarks/part_8_go_video_4.npz
accident,mediapipe_landmarks/part_5_7423935245472906-ACCIDENT.npz
read,mediapipe_landmarks/part_10_read_13.npz
down,mediapipe_landmarks/part_8_down_video_27.npz
sign,mediapipe_landmarks/part_10_sign_video_5.npz
callattention,mediapipe_landmarks/part_4_6609007028547185-CALL ATTENTION.npz
help,mediapipe_landmarks/part_8_help_video_12.npz
fs,mediapipe_landmarks/part_8_g_4.npz
deaf,mediapipe_landmarks/part_7_deaf_20241119_172639_31.npz
fs,mediapipe_landmarks/part_8_g_4_g_aug_34.npz
hospital,mediapipe_landmarks/part_9_hospital_20241119_172645_51.npz
between,mediapipe_landmarks/part_4_5675024930475931-BETWEEN.npz
hospital,mediapipe_landmarks/part_9_hospital_20241119_172645_78.npz
back,mediapipe_landmarks/part_5_8460960041709475-BACK.npz
need,mediapipe_landmarks/part_6_9701223233159699-NEED.npz
where,mediapipe_landmarks/part_11_where_7.npz
callattention,mediapipe_landmarks/part_6_9019913237311441-CALL ATTENTION.npz
bleed,mediapipe_landmarks/part_4_5968405126168164-BLEED.npz
deaf,mediapipe_landmarks/part_7_deaf_20241119_172639_51.npz
behind,mediapipe_landmarks/part_7_behind_9.npz
inside,mediapipe_landmarks/part_9_inside_2.npz
nurse,mediapipe_landmarks/part_3_417959141690339-NURSE.npz
deaf,mediapipe_landmarks/part_7_deaf_20241119_172639_92.npz
calltty,mediapipe_landmarks/part_5_7701931122395531-CALL TTY.npz
danger,mediapipe_landmarks/part_2_20302212426071753-DANGER.npz
back,mediapipe_landmarks/part_6_back_video_31.npz
write,mediapipe_landmarks/part_11_write_17.npz
back,mediapipe_landmarks/part_6_back_video_8.npz
understand,mediapipe_landmarks/part_11_understand_6.npz
front,mediapipe_landmarks/part_8_front_13.npz
drown,mediapipe_landmarks/part_8_drown_20241119_172640_58.npz
inside,mediapipe_landmarks/part_9_inside_video_7.npz
go,mediapipe_landmarks/part_8_go_video_6.npz
deaf,mediapipe_landmarks/part_7_deaf_20241119_172639_30.npz
address,mediapipe_landmarks/part_1_014394910414285977-ADDRESS.npz
deaf,mediapipe_landmarks/part_7_deaf_20241119_172639_62.npz
siren,mediapipe_landmarks/part_5_866030843977424-SIREN.npz
hospital,mediapipe_landmarks/part_9_hospital_20241119_172645_14.npz
under,mediapipe_landmarks/part_4_6837455151270686-UNDER.npz
left,mediapipe_landmarks/part_9_left_video_7.npz
tty,mediapipe_landmarks/part_4_587454674789071-TTY.npz
calltty,mediapipe_landmarks/part_5_8346623372880655-CALL TTY.npz
fingerspell,mediapipe_landmarks/part_5_7792912634727402-FINGERSPELL.npz
gun,mediapipe_landmarks/part_8_gun_20241119_172644_31.npz
down,mediapipe_landmarks/part_8_down_video_30.npz
alarm,mediapipe_landmarks/part_6_alarm.npz
know,mediapipe_landmarks/part_5_8443975795179439-KNOW.npz
front,mediapipe_landmarks/part_5_8021363431832012-FRONT.npz
why,mediapipe_landmarks/part_11_why_3.npz
need,mediapipe_landmarks/part_9_need_video_0.npz
down,mediapipe_landmarks/part_6_9075431730705039-DOWN.npz
right,mediapipe_landmarks/part_10_right_20241119_172651_18.npz
shooting,mediapipe_landmarks/part_4_5481020321682286-SHOOTING.npz
why,mediapipe_landmarks/part_11_why_video_3.npz
shoot,mediapipe_landmarks/part_10_shoot_20241119_172653_61.npz
name,mediapipe_landmarks/part_1_03294491784477094-seedNAME.npz
down,mediapipe_landmarks/part_2_20350128604692963-DOWN.npz
yes,mediapipe_landmarks/part_6_9715589334909431-YES.npz
nurse,mediapipe_landmarks/part_9_nurse_12.npz
now,mediapipe_landmarks/part_5_8445754712023406-NOW.npz
under,mediapipe_landmarks/part_5_7699808710183154-UNDER.npz
rescue,mediapipe_landmarks/part_2_19892040267879074-RESCUE.npz
above,mediapipe_landmarks/part_6_9429862699378568-ABOVE.npz
careful,mediapipe_landmarks/part_7_careful_7.npz
address,mediapipe_landmarks/part_6_9747719955430643-ADDRESS.npz
sick,mediapipe_landmarks/part_2_3438291198863894-SICK.npz
hospital,mediapipe_landmarks/part_9_hospital_20241119_172645_2.npz
know,mediapipe_landmarks/part_5_8067021692292493-KNOW.npz
when,mediapipe_landmarks/part_11_when_video_4.npz
gun,mediapipe_landmarks/part_8_gun_20241119_172644_48.npz
pain,mediapipe_landmarks/part_4_6005329882355028-PAIN.npz
when,mediapipe_landmarks/part_1_16115032785858263-WHEN.npz
why,mediapipe_landmarks/part_11_why_16.npz
front,mediapipe_landmarks/part_3_5309389246538485-FRONT.npz
bleed,mediapipe_landmarks/part_3_5371665310943337-BLEED.npz
between,mediapipe_landmarks/part_7_between_3.npz
inside,mediapipe_landmarks/part_9_inside_video_3.npz
how,mediapipe_landmarks/part_9_how_20241119_172645_77.npz
fire,mediapipe_landmarks/part_5_8131767900909517-FIRE.npz
hospital,mediapipe_landmarks/part_9_hospital_20241119_172645_31.npz
who,mediapipe_landmarks/part_5_8040413047655517-WHO.npz
address,mediapipe_landmarks/part_6_address_video_18.npz
write,mediapipe_landmarks/part_6_9959384247496594-WRITE.npz
hardofhearing,mediapipe_landmarks/part_4_6813505124320138-HARD OF_HEARING.npz
accident,mediapipe_landmarks/part_4_6193594957219881-ACCIDENT.npz
hardofhearing,mediapipe_landmarks/part_3_3704890704892063-HARD OF_HEARING.npz
anyone,mediapipe_landmarks/part_3_5241036116526541-ANYONE.npz
hurt,mediapipe_landmarks/part_1_012220954143284501-HURT.npz
sign,mediapipe_landmarks/part_10_sign_video_6.npz
anyone,mediapipe_landmarks/part_4_6554735488389678-ANYONE.npz
fs,mediapipe_landmarks/part_6_D_video_2.npz
front,mediapipe_landmarks/part_5_7727784266957203-FRONT.npz
bleed,mediapipe_landmarks/part_1_07894099485766914-BLEED.npz
front,mediapipe_landmarks/part_2_33118182075593494-FRONT.npz
hospital,mediapipe_landmarks/part_9_hospital_20241119_172645_61.npz
left,mediapipe_landmarks/part_4_6565013703220883-LEFT.npz
fs,mediapipe_landmarks/part_6_Z_video_1_z_aug_21.npz
under,mediapipe_landmarks/part_11_under_video_3.npz
careful,mediapipe_landmarks/part_5_7396333958421017-CAREFUL.npz
alarm,mediapipe_landmarks/part_6_alarm_video_7.npz
what,mediapipe_landmarks/part_11_what_20241119_172657_10.npz
read,mediapipe_landmarks/part_6_920002573608864-READ.npz
callattention,mediapipe_landmarks/part_1_16308956744008385-CALL ATTENTION.npz
blood,mediapipe_landmarks/part_7_blood_video_6.npz
front,mediapipe_landmarks/part_3_3856416438220931-FRONT.npz
breathe,mediapipe_landmarks/part_3_4386268894231442-BREATHE.npz
drown,mediapipe_landmarks/part_8_drown_20241119_172640_72.npz
outside,mediapipe_landmarks/part_9_outside_video_2.npz
help,mediapipe_landmarks/part_1_12979829347320937-HELP.npz
inside,mediapipe_landmarks/part_1_14829062920990466-INSIDE.npz
down,mediapipe_landmarks/part_8_down_5.npz
call,mediapipe_landmarks/part_7_call_20241119_172635_34.npz
sign,mediapipe_landmarks/part_10_sign_video_9.npz
hospital,mediapipe_landmarks/part_9_hospital_20241119_172645_4.npz
now,mediapipe_landmarks/part_5_7793308929136242-NOW.npz
deaf,mediapipe_landmarks/part_7_deaf_20241119_172639_58.npz
hardofhearing,mediapipe_landmarks/part_5_7291041337674298-HARD OF_HEARING.npz
hurt,mediapipe_landmarks/part_4_5833224752574873-HURT.npz
left,mediapipe_landmarks/part_4_5963299190150662-LEFT.npz
front,mediapipe_landmarks/part_4_6032911070602958-FRONT.npz
go,mediapipe_landmarks/part_8_go_video_33.npz
down,mediapipe_landmarks/part_8_down_video_34.npz
down,mediapipe_landmarks/part_8_down_video_2.npz
hospital,mediapipe_landmarks/part_9_hospital_20241119_172645_15.npz
near,mediapipe_landmarks/part_4_6449974650811678-NEAR.npz
read,mediapipe_landmarks/part_10_read_11.npz
go,mediapipe_landmarks/part_8_go_video_45.npz
over,mediapipe_landmarks/part_9_over_3.npz
under,mediapipe_landmarks/part_2_2722148210073596-UNDER.npz
ok,mediapipe_landmarks/part_5_8450749478025767-OK.npz
near,mediapipe_landmarks/part_9_near_video_26.npz
shoot,mediapipe_landmarks/part_10_shoot_20241119_172653_40.npz
fingerspelling,mediapipe_landmarks/part_3_4827066311232666-FINGERSPELLING.npz
where,mediapipe_landmarks/part_3_3614350392614152-WHERE.npz
breathe,mediapipe_landmarks/part_1_16021203791916827-BREATHE.npz
safe,mediapipe_landmarks/part_6_9159766910233331-SAFE.npz
left,mediapipe_landmarks/part_3_37022317180054576-LEFT.npz
near,mediapipe_landmarks/part_9_near_video_22.npz
what,mediapipe_landmarks/part_11_what_20241119_172657_54.npz
why,mediapipe_landmarks/part_11_why_video_1.npz
doctor,mediapipe_landmarks/part_8_doctor_20241119_172640_6.npz
above,mediapipe_landmarks/part_6_above_video_4.npz
deaf,mediapipe_landmarks/part_7_deaf_20241119_172639_37.npz
call,mediapipe_landmarks/part_7_call_20241119_172635_19.npz
ok,mediapipe_landmarks/part_9_ok_9.npz
go,mediapipe_landmarks/part_8_go_37.npz
fingerspell,mediapipe_landmarks/part_6_9817216085584577-FINGERSPELL.npz
understand,mediapipe_landmarks/part_2_2621288608804102-UNDERSTAND.npz
call,mediapipe_landmarks/part_7_call_20241119_172635_88.npz
phone,mediapipe_landmarks/part_10_phone_video_13.npz
shoot,mediapipe_landmarks/part_10_shoot_20241119_172653_55.npz
read,mediapipe_landmarks/part_4_5471170729843933-READ.npz
stop,mediapipe_landmarks/part_11_stop_2.npz
what,mediapipe_landmarks/part_11_what_20241119_172657_34.npz
fire,mediapipe_landmarks/part_6_959379007554719-FIRE.npz
pain,mediapipe_landmarks/part_5_7706892251614081-PAIN.npz
smoke,mediapipe_landmarks/part_6_9351690172034859-SMOKE.npz
go,mediapipe_landmarks/part_8_go_video_11.npz
stop,mediapipe_landmarks/part_4_6864058804402533-STOP.npz
what,mediapipe_landmarks/part_11_what_20241119_172657_32.npz
doctor,mediapipe_landmarks/part_8_doctor_20241119_172640_22.npz
right,mediapipe_landmarks/part_10_right_20241119_172651_46.npz
write,mediapipe_landmarks/part_5_8903054743444117-WRITE.npz
anyone,mediapipe_landmarks/part_1_07338049594993068-ANYONE.npz
call,mediapipe_landmarks/part_7_call_20241119_172635_63.npz
fingerspelling,mediapipe_landmarks/part_6_9320292385729829-FINGERSPELLING.npz
near,mediapipe_landmarks/part_9_near_7.npz
accident,mediapipe_landmarks/part_6_9554132075283888-ACCIDENT.npz
water,mediapipe_landmarks/part_3_4617924298797549-seedWATER.npz
safe,mediapipe_landmarks/part_10_safe_video_8.npz
read,mediapipe_landmarks/part_1_06836612476374282-READ.npz
call,mediapipe_landmarks/part_7_call_20241119_172635_10.npz
right,mediapipe_landmarks/part_10_right_20241119_172651_104.npz
drown,mediapipe_landmarks/part_8_drown_20241119_172640_74.npz
wait,mediapipe_landmarks/part_5_8068498353201266-WAIT.npz
help,mediapipe_landmarks/part_8_help_video_4.npz
anyone,mediapipe_landmarks/part_3_40640709805278785-ANYONE.npz
name,mediapipe_landmarks/part_3_4290157295522645-NAME.npz
need,mediapipe_landmarks/part_1_09656289044816302-NEED.npz
call,mediapipe_landmarks/part_7_call_20241119_172635_45.npz
fs,mediapipe_landmarks/part_11_t_4_t_aug_39.npz
smoke,mediapipe_landmarks/part_10_smoke_video_13.npz
alarm,mediapipe_landmarks/part_6_9878476468966819-ALARM.npz
fs,mediapipe_landmarks/part_9_p_4.npz
fs,mediapipe_landmarks/part_8_f_3_f_aug_34.npz
drown,mediapipe_landmarks/part_8_drown_20241119_172640_35.npz
down,mediapipe_landmarks/part_8_down_video_9.npz
how,mediapipe_landmarks/part_9_how_20241119_172645_50.npz
shoot,mediapipe_landmarks/part_10_shoot_20241119_172653_11.npz
fs,mediapipe_landmarks/part_9_l_5.npz
back,mediapipe_landmarks/part_6_back_video_16.npz
how,mediapipe_landmarks/part_9_how_20241119_172645_83.npz
gun,mediapipe_landmarks/part_8_gun_20241119_172644_46.npz
fs,mediapipe_landmarks/part_6_b_4_b_aug_6.npz
no,mediapipe_landmarks/part_3_5278795760893484-NO.npz
behind,mediapipe_landmarks/part_7_behind_video_6.npz
above,mediapipe_landmarks/part_6_above_3.npz
danger,mediapipe_landmarks/part_4_5668256942770551-DANGER.npz
hurt,mediapipe_landmarks/part_9_hurt_video_19.npz
above,mediapipe_landmarks/part_3_47523731350317244-ABOVE.npz
shoot,mediapipe_landmarks/part_10_shoot_20241119_172653_3.npz
fs,mediapipe_landmarks/part_8_h_1_h_aug_3.npz
gun,mediapipe_landmarks/part_8_gun_20241119_172644_93.npz
fs,mediapipe_landmarks/part_6_D_video_0_d_aug_25.npz
gun,mediapipe_landmarks/part_8_gun_20241119_172644_19.npz
nurse,mediapipe_landmarks/part_1_13789105358333797-NURSE.npz
fs,mediapipe_landmarks/part_8_e_2_e_aug_12.npz
stop,mediapipe_landmarks/part_11_stop_video_22.npz
gun,mediapipe_landmarks/part_8_gun_20241119_172644_25.npz
back,mediapipe_landmarks/part_6_back_video_11.npz
back,mediapipe_landmarks/part_5_8163051183943075-BACK.npz
up,mediapipe_landmarks/part_2_19768631695836425-UP.npz
gun,mediapipe_landmarks/part_8_gun_20241119_172644_71.npz
tty,mediapipe_landmarks/part_6_TTY.npz
above,mediapipe_landmarks/part_6_above_6.npz
shooting,mediapipe_landmarks/part_4_6073715820017473-SHOOTING.npz
fs,mediapipe_landmarks/part_6_N_video_3.npz
call,mediapipe_landmarks/part_7_call_20241119_172635_52.npz
what,mediapipe_landmarks/part_11_what_20241119_172657_35.npz
shooting,mediapipe_landmarks/part_10_shooting_video_3.npz
left,mediapipe_landmarks/part_1_1620656408361123-LEFT.npz
stop,mediapipe_landmarks/part_5_787967286498557-STOP.npz
doctor,mediapipe_landmarks/part_8_doctor_20241119_172640_75.npz
gun,mediapipe_landmarks/part_8_gun_20241119_172644_4.npz
phone,mediapipe_landmarks/part_10_phone_video_17.npz
who,mediapipe_landmarks/part_1_1788921553709799-WHO.npz
back,mediapipe_landmarks/part_5_8255939428280912-BACK.npz
gun,mediapipe_landmarks/part_8_gun_20241119_172644_64.npz
help,mediapipe_landmarks/part_5_7353034835882497-HELP.npz
need,mediapipe_landmarks/part_2_3092044477927096-NEED.npz
fs,mediapipe_landmarks/part_6_H_video_0_h_aug_5.npz
go,mediapipe_landmarks/part_8_go_video_27.npz
interpreter,mediapipe_landmarks/part_5_7296170224092156-INTERPRETER.npz
danger,mediapipe_landmarks/part_3_36756607109704476-DANGER.npz
hardofhearing,mediapipe_landmarks/part_5_7332155826078837-HARD OF_HEARING.npz
outside,mediapipe_landmarks/part_9_outside_video_8.npz
how,mediapipe_landmarks/part_9_how_20241119_172645_15.npz
ok,mediapipe_landmarks/part_1_17379769097110098-OK.npz
hurt,mediapipe_landmarks/part_5_8907848106357383-HURT.npz
smoke,mediapipe_landmarks/part_10_smoke_video_8.npz
help,mediapipe_landmarks/part_5_8534077485600235-HELP.npz
drown,mediapipe_landmarks/part_8_drown_20241119_172640_36.npz
shoot,mediapipe_landmarks/part_10_shoot_20241119_172653_46.npz
hurt,mediapipe_landmarks/part_4_5570536346951789-HURT.npz
calltty,mediapipe_landmarks/part_5_7963159674550444-CALL TTY.npz
why,mediapipe_landmarks/part_3_48459131285186974-WHY.npz
need,mediapipe_landmarks/part_1_08573458832549319-NEED.npz
how,mediapipe_landmarks/part_9_how_20241119_172645_53.npz
deaf,mediapipe_landmarks/part_7_deaf_20241119_172639_79.npz
nurse,mediapipe_landmarks/part_9_nurse_10.npz
careful,mediapipe_landmarks/part_7_careful_11.npz
shoot,mediapipe_landmarks/part_10_shoot_20241119_172653_20.npz
where,mediapipe_landmarks/part_4_6999394901611251-WHERE.npz
back,mediapipe_landmarks/part_6_back_video_3.npz
call,mediapipe_landmarks/part_7_call_20241119_172635_65.npz
over,mediapipe_landmarks/part_3_4418505521323366-OVER.npz
no,mediapipe_landmarks/part_3_370678413428154-NO.npz
yes,mediapipe_landmarks/part_11_yes_video_6.npz
gun,mediapipe_landmarks/part_8_gun_20241119_172644_88.npz
how,mediapipe_landmarks/part_9_how_20241119_172645_42.npz
between,mediapipe_landmarks/part_7_between_4.npz
stop,mediapipe_landmarks/part_2_35024304836544506-STOP.npz
fingerspelling,mediapipe_landmarks/part_5_8743137239233465-FINGERSPELLING.npz
back,mediapipe_landmarks/part_6_back_video_21.npz
fire,mediapipe_landmarks/part_5_8731561028385924-FIRE.npz
where,mediapipe_landmarks/part_5_8728839222341029-WHERE.npz
fingerspell,mediapipe_landmarks/part_1_14843236227005452-FINGERSPELL.npz
read,mediapipe_landmarks/part_10_read_video_1.npz
fs,mediapipe_landmarks/part_11_u_2.npz
hospital,mediapipe_landmarks/part_9_hospital_20241119_172645_58.npz
help,mediapipe_landmarks/part_1_09953879192572268-seedHELP.npz
right,mediapipe_landmarks/part_10_right_20241119_172651_6.npz
know,mediapipe_landmarks/part_4_5444162139741568-KNOW.npz
doctor,mediapipe_landmarks/part_8_doctor_20241119_172640_2.npz
nurse,mediapipe_landmarks/part_9_nurse_video_4.npz
over,mediapipe_landmarks/part_6_9646072432185906-OVER.npz
stop,mediapipe_landmarks/part_11_stop_video_34.npz
write,mediapipe_landmarks/part_5_8379501891533077-WRITE.npz
fs,mediapipe_landmarks/part_6_V_video_0_v_aug_12.npz
gun,mediapipe_landmarks/part_8_gun_20241119_172644_92.npz
up,mediapipe_landmarks/part_2_18207981361044623-UP.npz
name,mediapipe_landmarks/part_3_38747687874121217-NAME.npz
shooting,mediapipe_landmarks/part_4_572706864091769-SHOOTING.npz
over,mediapipe_landmarks/part_2_3160820453130053-OVER.npz
breathe,mediapipe_landmarks/part_2_34078259906803976-BREATHE.npz
water,mediapipe_landmarks/part_11_water.npz
anyone,mediapipe_landmarks/part_6_anyone_video_0.npz
drown,mediapipe_landmarks/part_8_drown_20241119_172640_123.npz
right,mediapipe_landmarks/part_10_right_20241119_172651_64.npz
no,mediapipe_landmarks/part_9_no_1.npz
callattention,mediapipe_landmarks/part_6_9848216104764869-CALL ATTENTION.npz
ok,mediapipe_landmarks/part_4_5745729001649573-OK.npz
no,mediapipe_landmarks/part_9_no_video_13.npz
danger,mediapipe_landmarks/part_5_7342612138744076-DANGER.npz
fs,mediapipe_landmarks/part_8_g_2_g_aug_38.npz
shooting,mediapipe_landmarks/part_5_8871508651575872-SHOOTING.npz
fs,mediapipe_landmarks/part_10_r_video_1_r_aug_2.npz
between,mediapipe_landmarks/part_3_5217584361085525-BETWEEN.npz
anyone,mediapipe_landmarks/part_2_20558505237590596-ANYONE.npz
write,mediapipe_landmarks/part_1_1508156580679143-WRITE.npz
careful,mediapipe_landmarks/part_3_49691466101487225-CAREFUL.npz
breathe,mediapipe_landmarks/part_7_breathe_video_9.npz
understand,mediapipe_landmarks/part_2_2999107393441156-UNDERSTAND.npz
fire,mediapipe_landmarks/part_1_12133278209760867-FIRE.npz
danger,mediapipe_landmarks/part_7_danger_video_0.npz
smoke,mediapipe_landmarks/part_10_smoke_video_16.npz
alarm,mediapipe_landmarks/part_6_9711509145816317-ALARM.npz
pain,mediapipe_landmarks/part_9_pain_4.npz
understand,mediapipe_landmarks/part_11_understand_video_3.npz
drown,mediapipe_landmarks/part_8_drown_20241119_172640_49.npz
tty,mediapipe_landmarks/part_1_1280229578678822-TTY.npz
fs,mediapipe_landmarks/part_6_H_video_3.npz
inside,mediapipe_landmarks/part_9_inside_10.npz
stop,mediapipe_landmarks/part_11_stop_video_2.npz
outside,mediapipe_landmarks/part_6_915817677793914-OUTSIDE.npz
fs,mediapipe_landmarks/part_6_X_video_2_x_aug_42.npz
behind,mediapipe_landmarks/part_1_09221348742012059-BEHIND.npz
anyone,mediapipe_landmarks/part_3_4794513479367499-ANYONE.npz
how,mediapipe_landmarks/part_9_how_20241119_172645_57.npz
back,mediapipe_landmarks/part_1_061841306101225735-BACK.npz
siren,mediapipe_landmarks/part_10_siren_video_1.npz
shoot,mediapipe_landmarks/part_10_shoot_20241119_172653_49.npz
where,mediapipe_landmarks/part_11_where_video_7.npz
go,mediapipe_landmarks/part_4_7100160952925088-GO.npz
name,mediapipe_landmarks/part_3_45850991964011034-NAME.npz
careful,mediapipe_landmarks/part_7_careful_video_8.npz
ok,mediapipe_landmarks/part_5_8668045089043974-OK.npz
where,mediapipe_landmarks/part_2_34697989347891944-WHERE.npz
calltty,mediapipe_landmarks/part_1_14658700756318543-CALL TTY.npz
above,mediapipe_landmarks/part_1_0899499523729348-ABOVE.npz
danger,mediapipe_landmarks/part_5_8766883347750865-DANGER.npz
no,mediapipe_landmarks/part_4_6137110171725737-NO.npz
go,mediapipe_landmarks/part_8_go_video_14.npz
anyone,mediapipe_landmarks/part_2_20647859814734493-ANYONE.npz
anyone,mediapipe_landmarks/part_5_7844699478897115-ANYONE.npz
back,mediapipe_landmarks/part_6_back_video_28.npz
near,mediapipe_landmarks/part_9_near_video_31.npz
wait,mediapipe_landmarks/part_11_wait_video_5.npz
behind,mediapipe_landmarks/part_7_behind_video_12.npz
read,mediapipe_landmarks/part_3_44835657742775226-READ.npz
outside,mediapipe_landmarks/part_9_outside_10.npz
back,mediapipe_landmarks/part_6_back_video_0.npz
sign,mediapipe_landmarks/part_10_sign_video_17.npz
now,mediapipe_landmarks/part_3_4614534315577101-NOW.npz
above,mediapipe_landmarks/part_1_058357657593245404-ABOVE.npz
fs,mediapipe_landmarks/part_9_i_7_i_aug_29.npz
drown,mediapipe_landmarks/part_8_drown_20241119_172640_116.npz
why,mediapipe_landmarks/part_5_7508574803030745-WHY.npz
ok,mediapipe_landmarks/part_5_8973861097618665-OK.npz
back,mediapipe_landmarks/part_6_9257789020616767-BACK.npz
doctor,mediapipe_landmarks/part_8_doctor_20241119_172640_60.npz
fs,mediapipe_landmarks/part_6_B_video_2_b_aug_3.npz
write,mediapipe_landmarks/part_11_write_video_2.npz
safe,mediapipe_landmarks/part_2_19116736392807154-SAFE.npz
why,mediapipe_landmarks/part_11_why_4.npz
near,mediapipe_landmarks/part_6_8988617555924683-NEAR.npz
sign,mediapipe_landmarks/part_10_sign_1.npz
escape,mediapipe_landmarks/part_4_64530603227854-ESCAPE.npz
calltty,mediapipe_landmarks/part_3_4427756884827081-CALL TTY.npz
near,mediapipe_landmarks/part_9_near_video_29.npz
alarm,mediapipe_landmarks/part_4_6445271214270412-ALARM.npz
blood,mediapipe_landmarks/part_2_2699558009773042-BLOOD.npz
doctor,mediapipe_landmarks/part_8_doctor_20241119_172640_63.npz
inside,mediapipe_landmarks/part_4_5428785498844215-INSIDE.npz
shoot,mediapipe_landmarks/part_10_shoot_20241119_172653_36.npz
outside,mediapipe_landmarks/part_1_04872808066357104-OUTSIDE.npz
now,mediapipe_landmarks/part_9_now.npz
interpreter,mediapipe_landmarks/part_2_3329218828052618-INTERPRETER.npz
above,mediapipe_landmarks/part_3_46991212400210336-ABOVE.npz
right,mediapipe_landmarks/part_10_right_20241119_172651_34.npz
name,mediapipe_landmarks/part_9_name_video_14.npz
shooting,mediapipe_landmarks/part_4_5674275647230758-SHOOTING.npz
name,mediapipe_landmarks/part_9_name_video_2.npz
up,mediapipe_landmarks/part_4_5876166833274381-UP.npz
right,mediapipe_landmarks/part_10_right_20241119_172651_92.npz
who,mediapipe_landmarks/part_11_who_10.npz
right,mediapipe_landmarks/part_10_right_20241119_172651_66.npz
smoke,mediapipe_landmarks/part_1_13873564385439652-SMOKE.npz
back,mediapipe_landmarks/part_4_5410701077710229-BACK.npz
callattention,mediapipe_landmarks/part_1_1637401180221807-CALL ATTENTION.npz
alarm,mediapipe_landmarks/part_2_3535040866950101-ALARM.npz
shoot,mediapipe_landmarks/part_10_shoot_20241119_172653_58.npz
smoke,mediapipe_landmarks/part_10_smoke.npz
why,mediapipe_landmarks/part_11_why_video_11.npz
name,mediapipe_landmarks/part_9_name_14.npz
near,mediapipe_landmarks/part_9_near_video_3.npz
water,mediapipe_landmarks/part_4_6252432727581858-WATER.npz
inside,mediapipe_landmarks/part_6_978415585442773-INSIDE.npz
fs,mediapipe_landmarks/part_8_f_2_f_aug_35.npz
deaf,mediapipe_landmarks/part_7_deaf_20241119_172639_49.npz
shooting,mediapipe_landmarks/part_2_21669336472406076-SHOOTING.npz
left,mediapipe_landmarks/part_6_9790559850277447-LEFT.npz
careful,mediapipe_landmarks/part_1_055155440200270966-CAREFUL.npz
fs,mediapipe_landmarks/part_6_Z_video_2_z_aug_10.npz
drown,mediapipe_landmarks/part_8_drown_20241119_172640_109.npz
careful,mediapipe_landmarks/part_7_careful_video_4.npz
accident,mediapipe_landmarks/part_6_accident_video_3.npz
calltty,mediapipe_landmarks/part_6_9807826372993846-CALL TTY.npz
back,mediapipe_landmarks/part_6_back_video_22.npz
callattention,mediapipe_landmarks/part_4_6906380163788606-CALL ATTENTION.npz
back,mediapipe_landmarks/part_6_9454194326745748-BACK.npz
what,mediapipe_landmarks/part_11_what_20241119_172657_60.npz
fingerspelling,mediapipe_landmarks/part_6_9372196235285684-FINGERSPELLING.npz
where,mediapipe_landmarks/part_3_37418457822538387-WHERE.npz
who,mediapipe_landmarks/part_11_who_20.npz
go,mediapipe_landmarks/part_2_1917265918954878-GO.npz
fs,mediapipe_landmarks/part_6_C_c_aug_25.npz
name,mediapipe_landmarks/part_9_name_11.npz
fingerspell,mediapipe_landmarks/part_6_9094901720695379-FINGERSPELL.npz
deaf,mediapipe_landmarks/part_7_deaf_20241119_172639_59.npz
fs,mediapipe_landmarks/part_11_u_4.npz
fs,mediapipe_landmarks/part_8_g_4_g_aug_24.npz
call,mediapipe_landmarks/part_7_call_20241119_172635_13.npz
gun,mediapipe_landmarks/part_8_gun_20241119_172644_83.npz
above,mediapipe_landmarks/part_6_9761501879289767-ABOVE.npz
when,mediapipe_landmarks/part_5_8687294124175742-WHEN.npz
deaf,mediapipe_landmarks/part_7_deaf_20241119_172639_88.npz
call,mediapipe_landmarks/part_7_call_20241119_172635_61.npz
accident,mediapipe_landmarks/part_6_9825553011596289-ACCIDENT.npz
deaf,mediapipe_landmarks/part_7_deaf_20241119_172639_54.npz
right,mediapipe_landmarks/part_10_right_20241119_172651_9.npz
ok,mediapipe_landmarks/part_6_9759813192587696-OK.npz
ok,mediapipe_landmarks/part_5_7268076203273222-OK.npz
pain,mediapipe_landmarks/part_9_pain_2.npz
now,mediapipe_landmarks/part_3_4720430361532839-NOW.npz
right,mediapipe_landmarks/part_10_right_20241119_172651_31.npz
behind,mediapipe_landmarks/part_7_behind_4.npz
name,mediapipe_landmarks/part_9_name_video_1.npz
help,mediapipe_landmarks/part_3_3982436455452034-HELP.npz
hospital,mediapipe_landmarks/part_9_hospital_20241119_172645_8.npz
left,mediapipe_landmarks/part_5_7296385693578122-LEFT.npz
fs,mediapipe_landmarks/part_9_p_4_p_aug_1.npz
hospital,mediapipe_landmarks/part_9_hospital_20241119_172645_20.npz
gun,mediapipe_landmarks/part_8_gun_20241119_172644_81.npz
stop,mediapipe_landmarks/part_4_680707762189654-STOP.npz
phone,mediapipe_landmarks/part_2_202870737730114-PHONE.npz
hardofhearing,mediapipe_landmarks/part_6_9669496390626056-HARD OF_HEARING.npz
when,mediapipe_landmarks/part_3_38702561454738094-WHEN.npz
wait,mediapipe_landmarks/part_2_25762006967045403-WAIT.npz
interpreter,mediapipe_landmarks/part_3_47363878041045804-INTERPRETER.npz
gun,mediapipe_landmarks/part_8_gun_20241119_172644_66.npz
call,mediapipe_landmarks/part_7_call_20241119_172635_71.npz
hurt,mediapipe_landmarks/part_3_45526766274740016-HURT.npz
interpreter,mediapipe_landmarks/part_9_interpreter_video_4.npz
where,mediapipe_landmarks/part_2_32552115561898876-WHERE.npz
bleed,mediapipe_landmarks/part_4_6611919119789815-BLEED.npz
drown,mediapipe_landmarks/part_8_drown_20241119_172640_10.npz
between,mediapipe_landmarks/part_1_09441931342239074-BETWEEN.npz
over,mediapipe_landmarks/part_9_over_5.npz
call,mediapipe_landmarks/part_7_call_20241119_172635_16.npz
call,mediapipe_landmarks/part_7_call_20241119_172635_38.npz
go,mediapipe_landmarks/part_8_go_29.npz
what,mediapipe_landmarks/part_11_what_20241119_172657_41.npz
understand,mediapipe_landmarks/part_3_4268222409175071-UNDERSTAND.npz
fs,mediapipe_landmarks/part_6_Z_z_aug_4.npz
sign,mediapipe_landmarks/part_10_sign_video_15.npz
blood,mediapipe_landmarks/part_7_blood_6.npz
help,mediapipe_landmarks/part_3_4382571867616978-HELP.npz
down,mediapipe_landmarks/part_8_down_video_20.npz
breathe,mediapipe_landmarks/part_4_7194894469453406-BREATHE.npz
doctor,mediapipe_landmarks/part_8_doctor_20241119_172640_51.npz
near,mediapipe_landmarks/part_9_near_video_15.npz
shoot,mediapipe_landmarks/part_10_shoot_20241119_172653_16.npz
call,mediapipe_landmarks/part_7_call_20241119_172635_7.npz
callattention,mediapipe_landmarks/part_6_9957697276839408-CALL ATTENTION.npz
gun,mediapipe_landmarks/part_8_gun_20241119_172644_39.npz
callattention,mediapipe_landmarks/part_5_8520281370343674-CALL ATTENTION.npz
how,mediapipe_landmarks/part_9_how_20241119_172645_80.npz
drown,mediapipe_landmarks/part_8_drown_20241119_172640_133.npz
siren,mediapipe_landmarks/part_5_7558097296635484-SIREN.npz
alarm,mediapipe_landmarks/part_6_alarm_video_3.npz
back,mediapipe_landmarks/part_6_back_video_34.npz
down,mediapipe_landmarks/part_8_down_10.npz
hospital,mediapipe_landmarks/part_9_hospital_20241119_172645_48.npz
drown,mediapipe_landmarks/part_8_drown_20241119_172640_63.npz
down,mediapipe_landmarks/part_8_down_video_14.npz
stop,mediapipe_landmarks/part_11_stop_video_4.npz
anyone,mediapipe_landmarks/part_6_anyone_video_2.npz
gun,mediapipe_landmarks/part_8_gun_20241119_172644_80.npz
right,mediapipe_landmarks/part_10_right_20241119_172651_101.npz
near,mediapipe_landmarks/part_9_near_11.npz
sign,mediapipe_landmarks/part_2_2522962355824774-SIGN.npz
help,mediapipe_landmarks/part_8_help_21.npz
careful,mediapipe_landmarks/part_4_7039420979946311-CAREFUL.npz
gun,mediapipe_landmarks/part_8_gun_20241119_172644_95.npz
no,mediapipe_landmarks/part_5_8079226457278508-NO.npz
breathe,mediapipe_landmarks/part_7_breathe_video_3.npz
help,mediapipe_landmarks/part_8_help_video_9.npz
call,mediapipe_landmarks/part_7_call_20241119_172635_87.npz
down,mediapipe_landmarks/part_8_down_video_33.npz
fs,mediapipe_landmarks/part_6_M_video_2_m_aug_2.npz
drown,mediapipe_landmarks/part_8_drown_20241119_172640_4.npz
inside,mediapipe_landmarks/part_9_inside_video_1.npz
yes,mediapipe_landmarks/part_4_709429051156695-YES.npz
down,mediapipe_landmarks/part_1_04322168153114769-DOWN.npz
breathe,mediapipe_landmarks/part_7_breathe_video_2.npz
hospital,mediapipe_landmarks/part_9_hospital_20241119_172645_52.npz
breathe,mediapipe_landmarks/part_7_breathe.npz
callattention,mediapipe_landmarks/part_5_8587903644566386-CALL ATTENTION.npz
what,mediapipe_landmarks/part_11_what_20241119_172657.npz
fs,mediapipe_landmarks/part_6_Q_q_aug_10.npz
hurt,mediapipe_landmarks/part_4_6440601854085655-HURT.npz
when,mediapipe_landmarks/part_1_06593189811311206-WHEN.npz
go,mediapipe_landmarks/part_8_go_9.npz
fs,mediapipe_landmarks/part_6_Y • ASL Dictionary_y_aug_9.npz
write,mediapipe_landmarks/part_4_618543700116903-WRITE.npz
behind,mediapipe_landmarks/part_2_2672921961413237-BEHIND.npz
address,mediapipe_landmarks/part_5_746207608108207-ADDRESS.npz
deaf,mediapipe_landmarks/part_7_deaf_20241119_172639_20.npz
fingerspelling,mediapipe_landmarks/part_2_18282726116191728-FINGERSPELLING.npz
deaf,mediapipe_landmarks/part_7_deaf_20241119_172639_83.npz
shoot,mediapipe_landmarks/part_10_shoot_20241119_172653_66.npz
front,mediapipe_landmarks/part_6_9042628239585733-FRONT.npz
hospital,mediapipe_landmarks/part_9_hospital_20241119_172645_35.npz
fs,mediapipe_landmarks/part_6_Z • ASL Dictionary.npz
how,mediapipe_landmarks/part_9_how_20241119_172645_37.npz
address,mediapipe_landmarks/part_1_11081473659052277-ADDRESS.npz
hospital,mediapipe_landmarks/part_9_hospital_20241119_172645_37.npz
escape,mediapipe_landmarks/part_6_9570249844928025-ESCAPE.npz
drown,mediapipe_landmarks/part_8_drown_20241119_172640_92.npz
hospital,mediapipe_landmarks/part_9_hospital_20241119_172645_77.npz
deaf,mediapipe_landmarks/part_7_deaf_20241119_172639_81.npz
understand,mediapipe_landmarks/part_1_030959011181703078-UNDERSTAND.npz
front,mediapipe_landmarks/part_8_front_10.npz
up,mediapipe_landmarks/part_11_up_video_4.npz
name,mediapipe_landmarks/part_1_13831972157907857-NAME.npz
siren,mediapipe_landmarks/part_10_siren_4.npz
what,mediapipe_landmarks/part_11_what_20241119_172657_55.npz
deaf,mediapipe_landmarks/part_7_deaf_20241119_172639_80.npz
nurse,mediapipe_landmarks/part_9_nurse_9.npz
who,mediapipe_landmarks/part_4_6257839200605431-WHO.npz
wait,mediapipe_landmarks/part_3_384440946378765-WAIT.npz
water,mediapipe_landmarks/part_3_4408911106822304-WATER.npz
fs,mediapipe_landmarks/part_6_S_video_3_s_aug_29.npz
phone,mediapipe_landmarks/part_10_phone_8.npz
safe,mediapipe_landmarks/part_1_10861837245724781-SAFE.npz
breathe,mediapipe_landmarks/part_7_breathe_video_5.npz
water,mediapipe_landmarks/part_1_03892908647294191-WATER.npz
stop,mediapipe_landmarks/part_5_8893256597213444-STOP.npz
near,mediapipe_landmarks/part_1_11859467509853383-NEAR.npz
under,mediapipe_landmarks/part_2_281820387927481-UNDER.npz
hardofhearing,mediapipe_landmarks/part_1_130187777265373-HARD OF_HEARING.npz
down,mediapipe_landmarks/part_1_04662154619594139-DOWN.npz
what,mediapipe_landmarks/part_11_what_20241119_172657_49.npz
rescue,mediapipe_landmarks/part_1_11700436331233743-RESCUE.npz
no,mediapipe_landmarks/part_6_9542027365188674-NO.npz
between,mediapipe_landmarks/part_2_23935932871880738-BETWEEN.npz
write,mediapipe_landmarks/part_11_write_video_17.npz
name,mediapipe_landmarks/part_2_2650581877009257-NAME.npz
how,mediapipe_landmarks/part_9_how_20241119_172645_7.npz
siren,mediapipe_landmarks/part_4_5967058796061877-SIREN.npz
call,mediapipe_landmarks/part_7_call_20241119_172635_66.npz
safe,mediapipe_landmarks/part_6_9586371828563653-SAFE.npz
down,mediapipe_landmarks/part_8_down_video_1.npz
fs,mediapipe_landmarks/part_6_S_video_1.npz
blood,mediapipe_landmarks/part_3_441166971242245-BLOOD.npz
shooting,mediapipe_landmarks/part_1_07255415653060693-SHOOTING.npz
nurse,mediapipe_landmarks/part_1_08247545176887994-NURSE.npz
how,mediapipe_landmarks/part_9_how_20241119_172645_14.npz
drown,mediapipe_landmarks/part_8_drown_20241119_172641_7.npz
gun,mediapipe_landmarks/part_8_gun_20241119_172644_99.npz
behind,mediapipe_landmarks/part_7_behind_video_4.npz
shooting,mediapipe_landmarks/part_4_7028740305980097-SHOOTING.npz
back,mediapipe_landmarks/part_6_back_video_2.npz
shooting,mediapipe_landmarks/part_4_6760585640910624-SHOOTING.npz
fs,mediapipe_landmarks/part_11_w_4.npz
behind,mediapipe_landmarks/part_7_behind_video_3.npz
go,mediapipe_landmarks/part_8_go_video_41.npz
careful,mediapipe_landmarks/part_4_5672856684207406-CAREFUL.npz
alarm,mediapipe_landmarks/part_1_0720379536942215-ALARM.npz
wait,mediapipe_landmarks/part_11_wait_14.npz
call,mediapipe_landmarks/part_7_call_20241119_172635_32.npz
fs,mediapipe_landmarks/part_9_j_5_j_aug_19.npz
under,mediapipe_landmarks/part_11_under_2.npz
shoot,mediapipe_landmarks/part_10_shoot_20241119_172653_53.npz
go,mediapipe_landmarks/part_5_8834363279772663-GO.npz
no,mediapipe_landmarks/part_2_2732741727030885-NO.npz
where,mediapipe_landmarks/part_11_where_video_3.npz
front,mediapipe_landmarks/part_8_front_video_5.npz
outside,mediapipe_landmarks/part_2_30365816205550655-OUTSIDE.npz
fs,mediapipe_landmarks/part_7_c_7_c_aug_30.npz
fs,mediapipe_landmarks/part_6_Y • ASL Dictionary_y_aug_24.npz
drown,mediapipe_landmarks/part_8_drown_20241119_172640_64.npz
what,mediapipe_landmarks/part_11_what_20241119_172657_21.npz
escape,mediapipe_landmarks/part_5_8668637470111311-ESCAPE.npz
careful,mediapipe_landmarks/part_7_careful_video_7.npz
what,mediapipe_landmarks/part_11_what_20241119_172657_53.npz
escape,mediapipe_landmarks/part_4_6725169175768204-ESCAPE.npz
hardofhearing,mediapipe_landmarks/part_5_8496544213034725-HARD OF_HEARING.npz
where,mediapipe_landmarks/part_3_41673665309194896-WHERE.npz
wait,mediapipe_landmarks/part_3_5205785031120291-WAIT.npz
sick,mediapipe_landmarks/part_10_sick_16.npz
who,mediapipe_landmarks/part_11_who_1.npz
wait,mediapipe_landmarks/part_4_624921199330932-WAIT.npz
shoot,mediapipe_landmarks/part_10_shoot_20241119_172653_24.npz
drown,mediapipe_landmarks/part_8_drown_20241119_172640_44.npz
left,mediapipe_landmarks/part_2_21512781956922722-seedLEFT.npz
drown,mediapipe_landmarks/part_8_drown_20241119_172640_137.npz
down,mediapipe_landmarks/part_8_down_video_23.npz
between,mediapipe_landmarks/part_2_3330909055481903-BETWEEN.npz
help,mediapipe_landmarks/part_3_531487732428322-HELP.npz
right,mediapipe_landmarks/part_10_right_20241119_172651_90.npz
drown,mediapipe_landmarks/part_8_drown_20241119_172640_5.npz
how,mediapipe_landmarks/part_9_how_20241119_172645_71.npz
deaf,mediapipe_landmarks/part_7_deaf_20241119_172639_67.npz
escape,mediapipe_landmarks/part_5_8315268853171416-ESCAPE.npz
tty,mediapipe_landmarks/part_6_9877199069677434-TTY.npz
above,mediapipe_landmarks/part_6_above_video_2.npz
escape,mediapipe_landmarks/part_8_escape_video_3.npz
sign,mediapipe_landmarks/part_10_sign_video_3.npz
rescue,mediapipe_landmarks/part_1_07192629848281618-RESCUE.npz
need,mediapipe_landmarks/part_4_6892111735827193-NEED.npz
right,mediapipe_landmarks/part_10_right_20241119_172651_94.npz
hurt,mediapipe_landmarks/part_1_17739780073785405-HURT.npz
nurse,mediapipe_landmarks/part_4_5402113585983888-NURSE.npz
shoot,mediapipe_landmarks/part_10_shoot_20241119_172653_5.npz
sick,mediapipe_landmarks/part_5_7468545549250416-SICK.npz
fs,mediapipe_landmarks/part_9_i_6_i_aug_0.npz
when,mediapipe_landmarks/part_11_when_video_2.npz
bleed,mediapipe_landmarks/part_6_9878807712979452-BLEED.npz
call,mediapipe_landmarks/part_7_call_20241119_172635_59.npz
when,mediapipe_landmarks/part_3_4261844758894282-WHEN.npz
fs,mediapipe_landmarks/part_6_C_video_0_c_aug_10.npz
behind,mediapipe_landmarks/part_7_behind_video_18.npz
know,mediapipe_landmarks/part_1_11994695058883398-KNOW.npz
hardofhearing,mediapipe_landmarks/part_4_6279715069702398-HARD OF_HEARING.npz
siren,mediapipe_landmarks/part_10_siren_6.npz
hardofhearing,mediapipe_landmarks/part_2_3457666736164857-HARD OF_HEARING.npz
blood,mediapipe_landmarks/part_1_05400109492463567-BLOOD.npz
interpreter,mediapipe_landmarks/part_9_interpreter_video_3.npz
fire,mediapipe_landmarks/part_5_7240649368253063-FIRE.npz
what,mediapipe_landmarks/part_11_what_20241119_172657_9.npz
phone,mediapipe_landmarks/part_10_phone_video_3.npz
water,mediapipe_landmarks/part_6_H2O_video_4.npz
why,mediapipe_landmarks/part_1_10953401131792706-WHY.npz
name,mediapipe_landmarks/part_9_name_video_13.npz
wait,mediapipe_landmarks/part_4_6692766688263203-WAIT.npz
drown,mediapipe_landmarks/part_8_drown_20241119_172641_1.npz
nurse,mediapipe_landmarks/part_3_36787257607169543-NURSE.npz
bleed,mediapipe_landmarks/part_5_7364285434711235-BLEED.npz
accident,mediapipe_landmarks/part_5_7236629829826864-ACCIDENT.npz
stop,mediapipe_landmarks/part_11_stop_video_8.npz
fs,mediapipe_landmarks/part_6_S_video_1_s_aug_17.npz
no,mediapipe_landmarks/part_6_9979731168048327-NO.npz
doctor,mediapipe_landmarks/part_8_doctor_20241119_172640_53.npz
go,mediapipe_landmarks/part_4_5587884729767747-GO.npz
where,mediapipe_landmarks/part_11_where_13.npz
above,mediapipe_landmarks/part_3_45794040544878034-ABOVE.npz
back,mediapipe_landmarks/part_6_back_video_15.npz
name,mediapipe_landmarks/part_9_name_video_5.npz
careful,mediapipe_landmarks/part_7_careful.npz
wait,mediapipe_landmarks/part_3_5185122660022305-WAIT.npz
drown,mediapipe_landmarks/part_8_drown_20241119_172640_118.npz
calltty,mediapipe_landmarks/part_4_5480385466131126-CALL TTY.npz
accident,mediapipe_landmarks/part_1_04487787596749482-ACCIDENT.npz
near,mediapipe_landmarks/part_9_near_13.npz
wait,mediapipe_landmarks/part_1_031074918450269218-WAIT.npz
write,mediapipe_landmarks/part_2_2570647676865354-WRITE.npz
name,mediapipe_landmarks/part_9_name_video_10.npz
right,mediapipe_landmarks/part_10_right_20241119_172651_53.npz
fs,mediapipe_landmarks/part_9_j_4.npz
outside,mediapipe_landmarks/part_3_4408882832018628-OUTSIDE.npz
doctor,mediapipe_landmarks/part_8_doctor_20241119_172640_76.npz
how,mediapipe_landmarks/part_9_how_20241119_172645_27.npz
what,mediapipe_landmarks/part_11_what_20241119_172657_29.npz
gun,mediapipe_landmarks/part_8_gun_20241119_172644_87.npz
shooting,mediapipe_landmarks/part_3_49854958695864693-SHOOTING.npz
outside,mediapipe_landmarks/part_9_outside_4.npz
front,mediapipe_landmarks/part_8_front_video_2.npz
read,mediapipe_landmarks/part_4_6264899046227357-READ.npz
help,mediapipe_landmarks/part_6_9702910950898831-HELP.npz
fs,mediapipe_landmarks/part_6_V_video_2_v_aug_25.npz
what,mediapipe_landmarks/part_11_what_20241119_172657_64.npz
write,mediapipe_landmarks/part_11_write_video_4.npz
rescue,mediapipe_landmarks/part_5_7729328693678188-seedRESCUE.npz
fs,mediapipe_landmarks/part_6_H_video_2_h_aug_14.npz
fingerspelling,mediapipe_landmarks/part_3_4753907874787613-FINGERSPELLING.npz
front,mediapipe_landmarks/part_5_7490928078300687-FRONT.npz
hospital,mediapipe_landmarks/part_9_hospital_20241119_172645_59.npz
name,mediapipe_landmarks/part_6_9851992475740963-NAME.npz
gun,mediapipe_landmarks/part_8_gun_20241119_172644_74.npz
safe,mediapipe_landmarks/part_10_safe_video_0.npz
outside,mediapipe_landmarks/part_2_19803765122555883-OUTSIDE.npz
above,mediapipe_landmarks/part_5_8636891644600095-ABOVE.npz
write,mediapipe_landmarks/part_11_write_video_11.npz
drown,mediapipe_landmarks/part_8_drown_20241119_172640_20.npz
sick,mediapipe_landmarks/part_6_9005893183984361-SICK.npz
what,mediapipe_landmarks/part_11_what_20241119_172657_63.npz
gun,mediapipe_landmarks/part_8_gun_20241119_172644_14.npz
breathe,mediapipe_landmarks/part_5_7707581442862386-BREATHE.npz
above,mediapipe_landmarks/part_1_12573880874826582-ABOVE.npz
back,mediapipe_landmarks/part_6_back_video_13.npz
deaf,mediapipe_landmarks/part_7_deaf_20241119_172639_46.npz
drown,mediapipe_landmarks/part_8_drown_20241119_172640_107.npz
above,mediapipe_landmarks/part_6_above_video_9.npz
where,mediapipe_landmarks/part_11_where_video_0.npz
no,mediapipe_landmarks/part_4_6645554412949413-NO.npz
what,mediapipe_landmarks/part_11_what_20241119_172657_38.npz
wait,mediapipe_landmarks/part_11_wait_5.npz
read,mediapipe_landmarks/part_10_read_video_4.npz
gun,mediapipe_landmarks/part_8_gun_20241119_172644_73.npz
yes,mediapipe_landmarks/part_11_yes_20.npz
bleed,mediapipe_landmarks/part_2_29684676048208947-BLEED.npz
fingerspell,mediapipe_landmarks/part_3_47507453056648785-FINGERSPELL.npz
who,mediapipe_landmarks/part_6_9816718901577759-WHO.npz
blood,mediapipe_landmarks/part_2_3249742604027148-BLOOD.npz
no,mediapipe_landmarks/part_9_no_video_6.npz
who,mediapipe_landmarks/part_11_who_video_4.npz
up,mediapipe_landmarks/part_2_20779361662315976-UP.npz
back,mediapipe_landmarks/part_6_back_video_26.npz
outside,mediapipe_landmarks/part_9_outside_video_10.npz
water,mediapipe_landmarks/part_6_9850177164607337-WATER.npz
understand,mediapipe_landmarks/part_6_941475953685674-UNDERSTAND.npz
need,mediapipe_landmarks/part_9_need_video_8.npz
front,mediapipe_landmarks/part_3_39334835816233915-FRONT.npz
between,mediapipe_landmarks/part_3_3953088458817904-BETWEEN.npz
careful,mediapipe_landmarks/part_7_careful_video_6.npz
need,mediapipe_landmarks/part_2_3304178516222478-NEED.npz
danger,mediapipe_landmarks/part_7_danger.npz
fingerspelling,mediapipe_landmarks/part_3_43453725163444457-FINGERSPELLING.npz
smoke,mediapipe_landmarks/part_2_23414324056841074-SMOKE.npz
call,mediapipe_landmarks/part_7_call_20241119_172635_85.npz
ok,mediapipe_landmarks/part_3_3633186842436291-OK.npz
need,mediapipe_landmarks/part_4_6330153558265055-NEED.npz
shoot,mediapipe_landmarks/part_10_shoot_20241119_172653.npz
deaf,mediapipe_landmarks/part_7_deaf_20241119_172639_91.npz
above,mediapipe_landmarks/part_6_above_8.npz
right,mediapipe_landmarks/part_10_right_20241119_172651_44.npz
safe,mediapipe_landmarks/part_2_18720319379914585-SAFE.npz
where,mediapipe_landmarks/part_3_4223618248504115-WHERE.npz
no,mediapipe_landmarks/part_9_no_23.npz
yes,mediapipe_landmarks/part_11_yes_6.npz
wait,mediapipe_landmarks/part_4_6530795087181671-WAIT.npz
go,mediapipe_landmarks/part_8_go_8.npz
go,mediapipe_landmarks/part_1_032373382598848366-GO.npz
stop,mediapipe_landmarks/part_11_stop_video_28.npz
now,mediapipe_landmarks/part_5_8484693843266342-NOW.npz
go,mediapipe_landmarks/part_8_go_video_44.npz
know,mediapipe_landmarks/part_5_7801346725394491-KNOW.npz
deaf,mediapipe_landmarks/part_7_deaf_20241119_172639_64.npz
right,mediapipe_landmarks/part_10_right_20241119_172651_88.npz
up,mediapipe_landmarks/part_5_8300428293417366-UP.npz
fire,mediapipe_landmarks/part_6_9260403369407246-FIRE.npz
right,mediapipe_landmarks/part_10_right_20241119_172651_83.npz
up,mediapipe_landmarks/part_4_6216877464477266-UP.npz
write,mediapipe_landmarks/part_11_write_1.npz
address,mediapipe_landmarks/part_6_address_video_15.npz
hurt,mediapipe_landmarks/part_9_hurt_video_0.npz
careful,mediapipe_landmarks/part_2_29262648860930396-CAREFUL.npz
hospital,mediapipe_landmarks/part_9_hospital_20241119_172645_49.npz
inside,mediapipe_landmarks/part_3_4527936995914319-INSIDE.npz
where,mediapipe_landmarks/part_11_where.npz
right,mediapipe_landmarks/part_10_right_20241119_172651_56.npz
shoot,mediapipe_landmarks/part_10_shoot_20241119_172653_50.npz
pain,mediapipe_landmarks/part_9_pain_8.npz
read,mediapipe_landmarks/part_3_4103900407521166-READ.npz
fs,mediapipe_landmarks/part_11_w_2_w_aug_36.npz
drown,mediapipe_landmarks/part_8_drown_20241119_172640_125.npz
siren,mediapipe_landmarks/part_10_siren_video_2.npz
between,mediapipe_landmarks/part_3_5084263589228517-BETWEEN.npz
fs,mediapipe_landmarks/part_11_u_4_u_aug_18.npz
when,mediapipe_landmarks/part_2_21722735480722832-WHEN.npz
breathe,mediapipe_landmarks/part_5_7784530739044879-BREATHE.npz
front,mediapipe_landmarks/part_8_front_video_9.npz
when,mediapipe_landmarks/part_11_when_video_0.npz
stop,mediapipe_landmarks/part_11_stop_video_1.npz
name,mediapipe_landmarks/part_9_name_video_9.npz
siren,mediapipe_landmarks/part_1_08245150035150739-SIREN.npz
pain,mediapipe_landmarks/part_3_42535053648961685-PAIN.npz
fingerspell,mediapipe_landmarks/part_3_4003908720147078-FINGERSPELL.npz
phone,mediapipe_landmarks/part_10_phone_video_12.npz
shoot,mediapipe_landmarks/part_10_shoot_20241119_172653_21.npz
under,mediapipe_landmarks/part_11_under_video_6.npz
why,mediapipe_landmarks/part_5_8351529407222296-WHY.npz
between,mediapipe_landmarks/part_8_entre_video_0.npz
over,mediapipe_landmarks/part_4_5421164488339045-OVER.npz
no,mediapipe_landmarks/part_9_no_video_11.npz
drown,mediapipe_landmarks/part_8_drown_20241119_172640_76.npz
understand,mediapipe_landmarks/part_2_31049412762325446-UNDERSTAND.npz
hurt,mediapipe_landmarks/part_9_hurt_video_2.npz
accident,mediapipe_landmarks/part_6_accident_video_2.npz
up,mediapipe_landmarks/part_4_6226793157493808-UP.npz
go,mediapipe_landmarks/part_8_go_video_19.npz
fs,mediapipe_landmarks/part_11_u_2_u_aug_5.npz
alarm,mediapipe_landmarks/part_6_alarm_video_8.npz
blood,mediapipe_landmarks/part_5_7645850080590522-BLOOD.npz
who,mediapipe_landmarks/part_11_who_video_1.npz
water,mediapipe_landmarks/part_5_7449721965435019-WATER.npz
no,mediapipe_landmarks/part_5_8920807082520505-NO.npz
bleed,mediapipe_landmarks/part_1_05998799478974859-BLEED.npz
left,mediapipe_landmarks/part_9_left_video_1.npz
accident,mediapipe_landmarks/part_6_9824910885537608-ACCIDENT.npz
when,mediapipe_landmarks/part_11_when_9.npz
accident,mediapipe_landmarks/part_6_accident_12.npz
between,mediapipe_landmarks/part_4_6597722749274493-BETWEEN.npz
alarm,mediapipe_landmarks/part_6_alarm_video_2.npz
tty,mediapipe_landmarks/part_6_8991694500152965-TTY.npz
sick,mediapipe_landmarks/part_10_sick_11.npz
hardofhearing,mediapipe_landmarks/part_1_13842706984236397-HARD OF_HEARING.npz
behind,mediapipe_landmarks/part_2_23211942646229078-BEHIND.npz
rescue,mediapipe_landmarks/part_1_07459242480614381-RESCUE.npz
hospital,mediapipe_landmarks/part_9_hospital_20241119_172645_13.npz
address,mediapipe_landmarks/part_3_4302773508176405-ADDRESS.npz
careful,mediapipe_landmarks/part_6_9098857533028866-CAREFUL.npz
stop,mediapipe_landmarks/part_11_stop_video_10.npz
nurse,mediapipe_landmarks/part_9_nurse.npz
fingerspelling,mediapipe_landmarks/part_5_7670263397806694-FINGERSPELLING.npz
deaf,mediapipe_landmarks/part_7_deaf_20241119_172639_63.npz
safe,mediapipe_landmarks/part_6_9872182507576002-SAFE.npz
fire,mediapipe_landmarks/part_8_fire_video_5.npz
fire,mediapipe_landmarks/part_8_fire_10.npz
deaf,mediapipe_landmarks/part_7_deaf_20241119_172639_27.npz
name,mediapipe_landmarks/part_3_5222576863044399-NAME.npz
smoke,mediapipe_landmarks/part_10_smoke_video_2.npz
address,mediapipe_landmarks/part_4_6422051297319356-ADDRESS.npz
siren,mediapipe_landmarks/part_10_siren_2.npz
how,mediapipe_landmarks/part_9_how_20241119_172645_16.npz
bleed,mediapipe_landmarks/part_2_3307645224604776-BLEED.npz
go,mediapipe_landmarks/part_8_go_video_23.npz
now,mediapipe_landmarks/part_5_8237538118192598-NOW.npz
who,mediapipe_landmarks/part_11_who_video_9.npz
back,mediapipe_landmarks/part_6_back_video_4.npz
go,mediapipe_landmarks/part_8_go_video_15.npz
yes,mediapipe_landmarks/part_11_yes_19.npz
gun,mediapipe_landmarks/part_8_gun_20241119_172644_56.npz
smoke,mediapipe_landmarks/part_3_46504118059227384-SMOKE.npz
fingerspell,mediapipe_landmarks/part_1_03729032057219128-FINGERSPELL.npz
left,mediapipe_landmarks/part_3_365521620310868-LEFT.npz
interpreter,mediapipe_landmarks/part_4_6751844870306702-INTERPRETER.npz
why,mediapipe_landmarks/part_2_32965084799922706-WHY.npz
above,mediapipe_landmarks/part_2_35214322719495783-ABOVE.npz
left,mediapipe_landmarks/part_1_07035630466396903-LEFT.npz
water,mediapipe_landmarks/part_6_H2O_video_10.npz
fire,mediapipe_landmarks/part_5_7390966156473324-FIRE.npz
gun,mediapipe_landmarks/part_8_gun_20241119_172644_90.npz
go,mediapipe_landmarks/part_8_go_video_5.npz
water,mediapipe_landmarks/part_5_7530258985595248-WATER.npz
no,mediapipe_landmarks/part_9_no_video_4.npz
front,mediapipe_landmarks/part_1_14881630988254524-FRONT.npz
help,mediapipe_landmarks/part_8_help_video_25.npz
drown,mediapipe_landmarks/part_8_drown_20241119_172640_87.npz
drown,mediapipe_landmarks/part_8_drown_20241119_172640_62.npz
hurt,mediapipe_landmarks/part_9_hurt_6.npz
careful,mediapipe_landmarks/part_7_careful_9.npz
drown,mediapipe_landmarks/part_8_drown_20241119_172640_97.npz
water,mediapipe_landmarks/part_11_water_10.npz
doctor,mediapipe_landmarks/part_8_doctor_20241119_172640_15.npz
wait,mediapipe_landmarks/part_11_wait_video_11.npz
stop,mediapipe_landmarks/part_11_stop_video_20.npz
help,mediapipe_landmarks/part_8_help_video_26.npz
what,mediapipe_landmarks/part_11_what_20241119_172657_89.npz
address,mediapipe_landmarks/part_6_address_video_13.npz
danger,mediapipe_landmarks/part_5_7996915911882774-DANGER.npz
fs,mediapipe_landmarks/part_6_H_video_3_h_aug_18.npz
who,mediapipe_landmarks/part_11_who_14.npz
drown,mediapipe_landmarks/part_8_drown_20241119_172640_81.npz
shoot,mediapipe_landmarks/part_10_shoot_20241119_172653_71.npz
water,mediapipe_landmarks/part_1_0032949557328998402-WATER.npz
near,mediapipe_landmarks/part_4_6813550610553949-NEAR.npz
right,mediapipe_landmarks/part_10_right_20241119_172651_74.npz
fingerspell,mediapipe_landmarks/part_6_9482107533596877-FINGERSPELL.npz
why,mediapipe_landmarks/part_2_30163868001403205-WHY.npz
over,mediapipe_landmarks/part_9_over_0.npz
hospital,mediapipe_landmarks/part_9_hospital_20241119_172645_18.npz
danger,mediapipe_landmarks/part_4_6939804871630404-DANGER.npz
outside,mediapipe_landmarks/part_4_5671018295172152-OUTSIDE.npz
go,mediapipe_landmarks/part_8_go_3.npz
fs,mediapipe_landmarks/part_6_X_video_0_x_aug_44.npz
yes,mediapipe_landmarks/part_6_9092689562509508-YES.npz
go,mediapipe_landmarks/part_1_16923876012285466-GO.npz
yes,mediapipe_landmarks/part_4_7199140986089654-YES.npz
rescue,mediapipe_landmarks/part_1_017690026471916642-RESCUE.npz
what,mediapipe_landmarks/part_11_what_20241119_172657_8.npz
inside,mediapipe_landmarks/part_9_inside_video_2.npz
gun,mediapipe_landmarks/part_8_gun_20241119_172644_34.npz
sign,mediapipe_landmarks/part_3_4696967344578724-SIGN.npz
address,mediapipe_landmarks/part_6_address_video_2.npz
how,mediapipe_landmarks/part_9_how_20241119_172645_11.npz
deaf,mediapipe_landmarks/part_7_deaf_20241119_172639_44.npz
what,mediapipe_landmarks/part_11_what_20241119_172657_56.npz
when,mediapipe_landmarks/part_1_08729017928642491-WHEN.npz
between,mediapipe_landmarks/part_7_between.npz
where,mediapipe_landmarks/part_11_where_video_6.npz
escape,mediapipe_landmarks/part_1_03548894985002016-ESCAPE.npz
call,mediapipe_landmarks/part_7_call_20241119_173205.npz
blood,mediapipe_landmarks/part_7_blood_video_3.npz
interpreter,mediapipe_landmarks/part_3_41957236705659606-INTERPRETER.npz
go,mediapipe_landmarks/part_8_go_video_51.npz
blood,mediapipe_landmarks/part_3_38206659131341336-BLOOD.npz
up,mediapipe_landmarks/part_11_up_1.npz
need,mediapipe_landmarks/part_4_6613716577421236-NEED.npz
alarm,mediapipe_landmarks/part_2_33026094180235965-ALARM.npz
right,mediapipe_landmarks/part_10_right_20241119_172651_86.npz
go,mediapipe_landmarks/part_2_2290456408074184-GO.npz
address,mediapipe_landmarks/part_6_address_video_21.npz
wait,mediapipe_landmarks/part_2_19418271966399425-WAIT.npz
under,mediapipe_landmarks/part_1_15207396425085884-UNDER.npz
calltty,mediapipe_landmarks/part_5_7938459259825865-CALL TTY.npz
drown,mediapipe_landmarks/part_8_drown_20241119_172640_32.npz
no,mediapipe_landmarks/part_3_4656606080155459-NO.npz
write,mediapipe_landmarks/part_11_write_video_14.npz
call,mediapipe_landmarks/part_7_call_20241119_172635_35.npz
blood,mediapipe_landmarks/part_6_9750743121141017-BLOOD.npz
bleed,mediapipe_landmarks/part_6_9745215572529797-BLEED.npz
doctor,mediapipe_landmarks/part_8_doctor_20241119_172640_48.npz
back,mediapipe_landmarks/part_1_057653915534681355-BACK.npz
who,mediapipe_landmarks/part_5_8795571081681577-WHO.npz
down,mediapipe_landmarks/part_5_7931358438727161-DOWN.npz
address,mediapipe_landmarks/part_6_address_11.npz
behind,mediapipe_landmarks/part_7_behind.npz
ok,mediapipe_landmarks/part_6_989567272010051-OK.npz
gun,mediapipe_landmarks/part_8_gun_20241119_172644_2.npz
name,mediapipe_landmarks/part_2_243956265655763-NAME.npz
above,mediapipe_landmarks/part_6_above_video_11.npz
now,mediapipe_landmarks/part_5_8203203237125376-NOW.npz
phone,mediapipe_landmarks/part_3_3802328649149671-PHONE.npz
where,mediapipe_landmarks/part_3_37275461912744046-WHERE.npz
near,mediapipe_landmarks/part_9_near_video_18.npz
water,mediapipe_landmarks/part_6_H2O_video_11.npz
bleed,mediapipe_landmarks/part_5_735128411047024-BLEED.npz
name,mediapipe_landmarks/part_4_6442814975743945-NAME.npz
water,mediapipe_landmarks/part_11_water_6.npz
smoke,mediapipe_landmarks/part_4_6079633193315228-SMOKE.npz
call,mediapipe_landmarks/part_7_call_20241119_172635_2.npz
bleed,mediapipe_landmarks/part_1_03986124311275385-BLEED.npz
now,mediapipe_landmarks/part_9_now_17.npz
bleed,mediapipe_landmarks/part_7_bleed_video_1.npz
why,mediapipe_landmarks/part_11_why_video_2.npz
where,mediapipe_landmarks/part_11_where_video_4.npz
careful,mediapipe_landmarks/part_7_careful_video_0.npz
inside,mediapipe_landmarks/part_2_19109731470036806-INSIDE.npz
write,mediapipe_landmarks/part_2_28644332710493026-WRITE.npz
address,mediapipe_landmarks/part_6_address_video_25.npz
under,mediapipe_landmarks/part_4_6971336908758043-UNDER.npz
fs,mediapipe_landmarks/part_9_l_6_l_aug_35.npz
nurse,mediapipe_landmarks/part_6_9579091712593151-NURSE.npz
wait,mediapipe_landmarks/part_3_4219284432732393-WAIT.npz
call,mediapipe_landmarks/part_7_call_20241119_172635_1.npz
behind,mediapipe_landmarks/part_7_behind_10.npz
how,mediapipe_landmarks/part_9_how_20241119_172645_40.npz
up,mediapipe_landmarks/part_3_3829528240063471-UP.npz
fingerspell,mediapipe_landmarks/part_1_16311375932679195-FINGERSPELL.npz
when,mediapipe_landmarks/part_11_when_video_3.npz
gun,mediapipe_landmarks/part_8_gun_20241119_172644_21.npz
address,mediapipe_landmarks/part_2_2839452008207639-ADDRESS.npz
call,mediapipe_landmarks/part_7_call_20241119_172635_9.npz
blood,mediapipe_landmarks/part_7_blood_video_0.npz
now,mediapipe_landmarks/part_9_now_8.npz
yes,mediapipe_landmarks/part_1_050364485120873326-YES.npz
gun,mediapipe_landmarks/part_8_gun_20241119_172644_3.npz
drown,mediapipe_landmarks/part_8_drown_20241119_172640_2.npz
read,mediapipe_landmarks/part_10_read_video_5.npz
doctor,mediapipe_landmarks/part_8_doctor_20241119_172640_14.npz
bleed,mediapipe_landmarks/part_2_28182903182023167-BLEED.npz
alarm,mediapipe_landmarks/part_6_alarm_2.npz
interpreter,mediapipe_landmarks/part_2_3318731808241877-INTERPRETER.npz
understand,mediapipe_landmarks/part_4_6810397598953175-UNDERSTAND.npz
fs,mediapipe_landmarks/part_6_S_video_2_s_aug_37.npz
now,mediapipe_landmarks/part_2_26472856106608966-NOW.npz
need,mediapipe_landmarks/part_1_024661755952086084-NEED.npz
back,mediapipe_landmarks/part_6_back_video_33.npz
understand,mediapipe_landmarks/part_4_6504234134902995-UNDERSTAND.npz
fs,mediapipe_landmarks/part_6_X • ASL Dictionary_x_aug_40.npz
above,mediapipe_landmarks/part_2_23957425467922766-ABOVE.npz
what,mediapipe_landmarks/part_11_what_20241119_172657_22.npz
fs,mediapipe_landmarks/part_6_E • ASL Dictionary_e_aug_18.npz
doctor,mediapipe_landmarks/part_8_doctor_20241119_172640_20.npz
doctor,mediapipe_landmarks/part_8_doctor_20241119_172640_27.npz
hurt,mediapipe_landmarks/part_9_hurt_video_9.npz
go,mediapipe_landmarks/part_5_8187982746646938-GO.npz
outside,mediapipe_landmarks/part_9_outside_video_4.npz
siren,mediapipe_landmarks/part_4_7088963601948011-SIREN.npz
behind,mediapipe_landmarks/part_7_behind_video_8.npz
danger,mediapipe_landmarks/part_7_danger_video_4.npz
need,mediapipe_landmarks/part_1_0505419163931653-NEED.npz
under,mediapipe_landmarks/part_1_04628304729038413-UNDER.npz
what,mediapipe_landmarks/part_11_what_20241119_172657_14.npz
sick,mediapipe_landmarks/part_4_689651243355925-SICK.npz
smoke,mediapipe_landmarks/part_10_smoke_video_12.npz
when,mediapipe_landmarks/part_1_01798723214383169-WHEN.npz
tty,mediapipe_landmarks/part_6_TTY_video_1.npz
who,mediapipe_landmarks/part_11_who_15.npz
fingerspell,mediapipe_landmarks/part_5_7206713364574389-FINGERSPELL.npz
how,mediapipe_landmarks/part_9_how_20241119_172645_56.npz
how,mediapipe_landmarks/part_9_how_20241119_172645_36.npz
outside,mediapipe_landmarks/part_9_outside_video_3.npz
hospital,mediapipe_landmarks/part_9_hospital_20241119_172645_57.npz
bleed,mediapipe_landmarks/part_1_1333377868294583-BLEED.npz
safe,mediapipe_landmarks/part_3_4825519714630202-SAFE.npz
fs,mediapipe_landmarks/part_7_d_4_d_aug_36.npz
back,mediapipe_landmarks/part_6_back_video_30.npz
outside,mediapipe_landmarks/part_6_9429498821343945-OUTSIDE.npz
water,mediapipe_landmarks/part_1_057571220614212715-WATER.npz
know,mediapipe_landmarks/part_5_8723506669377621-KNOW.npz
go,mediapipe_landmarks/part_8_go_video_16.npz
address,mediapipe_landmarks/part_6_address_video_1.npz
call,mediapipe_landmarks/part_7_call_20241119_172635_91.npz
fs,mediapipe_landmarks/part_9_p_1_p_aug_34.npz
accident,mediapipe_landmarks/part_3_4085470742522179-ACCIDENT.npz
left,mediapipe_landmarks/part_9_left_2.npz
up,mediapipe_landmarks/part_6_9209285416198858-UP.npz
blood,mediapipe_landmarks/part_2_22650443920817542-BLOOD.npz
doctor,mediapipe_landmarks/part_8_doctor_20241119_172640_7.npz
how,mediapipe_landmarks/part_9_how_20241119_172645_25.npz
wait,mediapipe_landmarks/part_11_wait_video_13.npz
shooting,mediapipe_landmarks/part_10_shooting_video_1.npz
doctor,mediapipe_landmarks/part_8_doctor_20241119_172640_61.npz
fs,mediapipe_landmarks/part_6_Z_video_3_z_aug_34.npz
fingerspell,mediapipe_landmarks/part_1_02284035272379259-FINGERSPELL.npz
rescue,mediapipe_landmarks/part_3_5290271135126794-RESCUE.npz
rescue,mediapipe_landmarks/part_10_rescue_video_0.npz
fingerspelling,mediapipe_landmarks/part_3_4363241524320469-FINGERSPELLING.npz
water,mediapipe_landmarks/part_1_03174577769237463-WATER.npz
go,mediapipe_landmarks/part_8_go_video_17.npz
phone,mediapipe_landmarks/part_4_5578210712994531-PHONE.npz
what,mediapipe_landmarks/part_11_what_20241119_172657_65.npz
wait,mediapipe_landmarks/part_11_wait_video_3.npz
back,mediapipe_landmarks/part_6_back_7.npz
gun,mediapipe_landmarks/part_8_gun_20241119_172644_9.npz
where,mediapipe_landmarks/part_6_9574229853297838-WHERE.npz
safe,mediapipe_landmarks/part_10_safe_4.npz
how,mediapipe_landmarks/part_9_how_20241119_172645_41.npz
outside,mediapipe_landmarks/part_5_8911976032426165-OUTSIDE.npz
read,mediapipe_landmarks/part_4_6013462323405956-READ.npz
write,mediapipe_landmarks/part_11_write_video_5.npz
deaf,mediapipe_landmarks/part_7_deaf_20241119_172639_69.npz
under,mediapipe_landmarks/part_11_under_7.npz
calltty,mediapipe_landmarks/part_6_9572380543706087-CALL TTY.npz
right,mediapipe_landmarks/part_10_right_20241119_172651_1.npz
above,mediapipe_landmarks/part_3_4329803289020211-ABOVE.npz
careful,mediapipe_landmarks/part_3_4040571469557359-CAREFUL.npz
know,mediapipe_landmarks/part_4_6568595279283049-KNOW.npz
escape,mediapipe_landmarks/part_8_escape.npz
anyone,mediapipe_landmarks/part_3_5273181545235401-ANYONE.npz
right,mediapipe_landmarks/part_10_right_20241119_172651_42.npz
what,mediapipe_landmarks/part_11_what_20241119_172657_67.npz
back,mediapipe_landmarks/part_4_6684065707699174-BACK.npz
go,mediapipe_landmarks/part_8_go_30.npz
deaf,mediapipe_landmarks/part_7_deaf_20241119_172639_13.npz
smoke,mediapipe_landmarks/part_1_0783156344745779-SMOKE.npz
who,mediapipe_landmarks/part_2_18521627111046346-WHO.npz
escape,mediapipe_landmarks/part_1_07805450541702119-ESCAPE.npz
address,mediapipe_landmarks/part_4_6419668018466509-ADDRESS.npz
smoke,mediapipe_landmarks/part_10_smoke_video_1.npz
hospital,mediapipe_landmarks/part_9_hospital_20241119_172645_41.npz
siren,mediapipe_landmarks/part_2_21641241102751319-SIREN.npz
near,mediapipe_landmarks/part_9_near_video_1.npz
hurt,mediapipe_landmarks/part_9_hurt_video_26.npz
fire,mediapipe_landmarks/part_8_fire_13.npz
how,mediapipe_landmarks/part_9_how_20241119_172645_24.npz
yes,mediapipe_landmarks/part_6_9161842981344352-YES.npz
breathe,mediapipe_landmarks/part_5_83080154744705-BREATHE.npz
anyone,mediapipe_landmarks/part_2_24170625384326772-ANYONE.npz
how,mediapipe_landmarks/part_9_how_20241119_172645_9.npz
down,mediapipe_landmarks/part_8_down_video_29.npz
under,mediapipe_landmarks/part_3_5014515462779037-UNDER.npz
smoke,mediapipe_landmarks/part_3_42864372424020836-SMOKE.npz
name,mediapipe_landmarks/part_5_8850902951414901-NAME.npz
fire,mediapipe_landmarks/part_8_fire_video_8.npz
anyone,mediapipe_landmarks/part_2_25500869855740893-ANYONE.npz
now,mediapipe_landmarks/part_1_10928494959813584-NOW.npz
interpreter,mediapipe_landmarks/part_4_6692546186048767-INTERPRETER.npz
rescue,mediapipe_landmarks/part_1_05534436642340146-RESCUE.npz
near,mediapipe_landmarks/part_9_near_video_16.npz
outside,mediapipe_landmarks/part_9_outside_video_6.npz
interpreter,mediapipe_landmarks/part_1_09167552322941397-INTERPRETER.npz
pain,mediapipe_landmarks/part_4_653467965832647-PAIN.npz
address,mediapipe_landmarks/part_6_address_video_9.npz
left,mediapipe_landmarks/part_9_left_6.npz
alarm,mediapipe_landmarks/part_2_3344597950031951-ALARM.npz
breathe,mediapipe_landmarks/part_5_8564479717410012-BREATHE.npz
calltty,mediapipe_landmarks/part_2_3505807868579365-CALL TTY.npz
pain,mediapipe_landmarks/part_6_9856203057311912-PAIN.npz
fingerspell,mediapipe_landmarks/part_8_fingerspell_1.npz
know,mediapipe_landmarks/part_4_6724485649936158-KNOW.npz
sign,mediapipe_landmarks/part_10_sign_7.npz
know,mediapipe_landmarks/part_4_5806315363119019-KNOW.npz
fs,mediapipe_landmarks/part_6_b_4_b_aug_5.npz
fs,mediapipe_landmarks/part_6_b_8_b_aug_13.npz
inside,mediapipe_landmarks/part_5_8439372940778462-INSIDE.npz
where,mediapipe_landmarks/part_5_7968041209479837-WHERE.npz
go,mediapipe_landmarks/part_2_26737390960725627-GO.npz
hurt,mediapipe_landmarks/part_9_hurt_17.npz
call,mediapipe_landmarks/part_7_call_20241119_172635_53.npz
wait,mediapipe_landmarks/part_5_8607947465067156-WAIT.npz
drown,mediapipe_landmarks/part_8_drown_20241119_172640_21.npz
siren,mediapipe_landmarks/part_1_042319615143007416-SIREN.npz
interpreter,mediapipe_landmarks/part_5_7988379966512122-INTERPRETER.npz
alarm,mediapipe_landmarks/part_5_7649577267151213-ALARM.npz
no,mediapipe_landmarks/part_5_7525332129995586-NO.npz
help,mediapipe_landmarks/part_3_5043430847938863-HELP.npz
deaf,mediapipe_landmarks/part_7_deaf_20241119_172639_78.npz
deaf,mediapipe_landmarks/part_7_deaf_20241119_172639_73.npz
call,mediapipe_landmarks/part_7_call_20241119_172635_62.npz
breathe,mediapipe_landmarks/part_3_3965765857916759-BREATHE.npz
hospital,mediapipe_landmarks/part_9_hospital_20241119_172645_3.npz
pain,mediapipe_landmarks/part_4_5646942405877946-PAIN.npz
know,mediapipe_landmarks/part_9_know.npz
tty,mediapipe_landmarks/part_2_33536150559057387-TTY.npz
fs,mediapipe_landmarks/part_6_W_video_3.npz
front,mediapipe_landmarks/part_2_33245239193417175-FRONT.npz
when,mediapipe_landmarks/part_2_3058784544642419-WHEN.npz
nurse,mediapipe_landmarks/part_4_7052999000106108-NURSE.npz
behind,mediapipe_landmarks/part_5_754656224590444-BEHIND.npz
what,mediapipe_landmarks/part_11_what_20241119_172657_79.npz
near,mediapipe_landmarks/part_9_near_video_2.npz
deaf,mediapipe_landmarks/part_7_deaf_20241119_172639_39.npz
call,mediapipe_landmarks/part_7_call_20241119_172635_67.npz
now,mediapipe_landmarks/part_6_945060415448846-NOW.npz
right,mediapipe_landmarks/part_10_right_20241119_172651_16.npz
sick,mediapipe_landmarks/part_1_06509213312274453-SICK.npz
understand,mediapipe_landmarks/part_3_5169212541197368-UNDERSTAND.npz
understand,mediapipe_landmarks/part_11_understand.npz
hospital,mediapipe_landmarks/part_9_hospital_20241119_172645_45.npz
yes,mediapipe_landmarks/part_11_yes_video_12.npz
ok,mediapipe_landmarks/part_4_5889788123407595-OK.npz
calltty,mediapipe_landmarks/part_6_9397022804007886-CALL TTY.npz
doctor,mediapipe_landmarks/part_8_doctor_20241119_172640_68.npz
go,mediapipe_landmarks/part_8_go_video_39.npz
what,mediapipe_landmarks/part_11_what_20241119_172657_2.npz
back,mediapipe_landmarks/part_6_back_video_12.npz
go,mediapipe_landmarks/part_3_47175728440552755-GO.npz
drown,mediapipe_landmarks/part_8_drown_20241119_172640_15.npz
hurt,mediapipe_landmarks/part_5_7487799802593937-HURT.npz
where,mediapipe_landmarks/part_5_7750734997528588-WHERE.npz
accident,mediapipe_landmarks/part_2_2557583609246288-ACCIDENT.npz
understand,mediapipe_landmarks/part_3_40156343723600907-UNDERSTAND.npz
breathe,mediapipe_landmarks/part_5_8917143936215801-BREATHE.npz
rescue,mediapipe_landmarks/part_5_7754561968535181-RESCUE.npz
doctor,mediapipe_landmarks/part_8_doctor_20241119_172640_12.npz
wait,mediapipe_landmarks/part_11_wait_video_7.npz
hurt,mediapipe_landmarks/part_9_hurt_video_7.npz
name,mediapipe_landmarks/part_3_45143019985078214-NAME.npz
up,mediapipe_landmarks/part_1_04420679807064798-UP.npz
address,mediapipe_landmarks/part_4_5849571872224764-ADDRESS.npz
who,mediapipe_landmarks/part_11_who_7.npz
sick,mediapipe_landmarks/part_4_5994541369927644-SICK.npz
tty,mediapipe_landmarks/part_1_0850222206593172-TTY.npz
accident,mediapipe_landmarks/part_3_4120236052549755-ACCIDENT.npz
wait,mediapipe_landmarks/part_3_524881037999334-WAIT.npz
near,mediapipe_landmarks/part_9_near_video_34.npz
over,mediapipe_landmarks/part_4_6473545425669365-OVER.npz
front,mediapipe_landmarks/part_1_051848645083004685-FRONT.npz
fs,mediapipe_landmarks/part_8_g_5_g_aug_14.npz
escape,mediapipe_landmarks/part_3_42607939060284217-ESCAPE.npz
alarm,mediapipe_landmarks/part_6_alarm_video_15.npz
pain,mediapipe_landmarks/part_1_09600688128321644-PAIN.npz
know,mediapipe_landmarks/part_9_know_video_4.npz
shoot,mediapipe_landmarks/part_10_shoot_20241119_172653_60.npz
water,mediapipe_landmarks/part_6_H2O_video_0.npz
write,mediapipe_landmarks/part_1_038974698230258786-WRITE.npz
near,mediapipe_landmarks/part_1_1537394647814423-NEAR.npz
drown,mediapipe_landmarks/part_8_drown_20241119_172640_18.npz
hospital,mediapipe_landmarks/part_9_hospital_20241119_172645_55.npz
sick,mediapipe_landmarks/part_3_48675740621516783-SICK.npz
hurt,mediapipe_landmarks/part_5_7701814722271505-HURT.npz
pain,mediapipe_landmarks/part_4_6304966560640322-PAIN.npz
inside,mediapipe_landmarks/part_4_6385220505766029-seedINSIDE.npz
hospital,mediapipe_landmarks/part_9_hospital_20241119_172645_47.npz
write,mediapipe_landmarks/part_11_write_16.npz
right,mediapipe_landmarks/part_10_right_20241119_172651_32.npz
down,mediapipe_landmarks/part_8_down_video_18.npz
doctor,mediapipe_landmarks/part_8_doctor_20241119_172640_16.npz
behind,mediapipe_landmarks/part_1_11925150350543534-BEHIND.npz
shoot,mediapipe_landmarks/part_10_shoot_20241119_172653_14.npz
back,mediapipe_landmarks/part_4_5583577188725677-BACK.npz
siren,mediapipe_landmarks/part_10_siren_video_0.npz
up,mediapipe_landmarks/part_4_6102614600961287-UP.npz
back,mediapipe_landmarks/part_3_41448646806758704-BACK.npz
know,mediapipe_landmarks/part_4_6589842343221302-seedKNOW.npz
fs,mediapipe_landmarks/part_9_k_3_k_aug_18.npz
hurt,mediapipe_landmarks/part_9_hurt_video_22.npz
understand,mediapipe_landmarks/part_6_9663239092789866-UNDERSTAND.npz
shooting,mediapipe_landmarks/part_2_2836475442072304-SHOOTING.npz
nurse,mediapipe_landmarks/part_6_9176924632567507-NURSE.npz
write,mediapipe_landmarks/part_5_8695896404892567-WRITE.npz
know,mediapipe_landmarks/part_9_know_2.npz
fire,mediapipe_landmarks/part_5_74787920722278-FIRE.npz
blood,mediapipe_landmarks/part_7_blood_video_4.npz
fire,mediapipe_landmarks/part_2_24537430192050125-FIRE.npz
right,mediapipe_landmarks/part_10_right_20241119_172651_109.npz
hurt,mediapipe_landmarks/part_9_hurt_2.npz
escape,mediapipe_landmarks/part_8_escape_video_4.npz
accident,mediapipe_landmarks/part_6_accident_video_6.npz
careful,mediapipe_landmarks/part_6_9412646977336643-seedCAREFUL.npz
over,mediapipe_landmarks/part_6_9135823989609884-seedOVER.npz
write,mediapipe_landmarks/part_11_write_video_3.npz
anyone,mediapipe_landmarks/part_6_anyone_video_1.npz
danger,mediapipe_landmarks/part_7_danger_video_3.npz
accident,mediapipe_landmarks/part_2_21734385004764167-ACCIDENT.npz
fingerspelling,mediapipe_landmarks/part_1_032348193958249505-FINGERSPELLING.npz
doctor,mediapipe_landmarks/part_8_doctor_20241119_172640_11.npz
deaf,mediapipe_landmarks/part_7_deaf_20241119_172639_29.npz
no,mediapipe_landmarks/part_5_7932042062420475-NO.npz
near,mediapipe_landmarks/part_9_near_video_25.npz
outside,mediapipe_landmarks/part_9_outside_video_9.npz
call,mediapipe_landmarks/part_7_call_20241119_172635_89.npz
accident,mediapipe_landmarks/part_6_accident_1.npz
breathe,mediapipe_landmarks/part_7_breathe_3.npz
smoke,mediapipe_landmarks/part_6_9026795094962046-SMOKE.npz
back,mediapipe_landmarks/part_6_back.npz
stop,mediapipe_landmarks/part_5_815577675920792-STOP.npz
phone,mediapipe_landmarks/part_4_6432109399010373-PHONE.npz
gun,mediapipe_landmarks/part_8_gun_20241119_172644_18.npz
go,mediapipe_landmarks/part_3_3702604002311216-GO.npz
fs,mediapipe_landmarks/part_11_t_1_t_aug_28.npz
phone,mediapipe_landmarks/part_2_29999409906751606-PHONE.npz
how,mediapipe_landmarks/part_9_how_20241119_172645_47.npz
shooting,mediapipe_landmarks/part_2_21501932222050724-SHOOTING.npz
drown,mediapipe_landmarks/part_8_drown_20241119_172640_25.npz
danger,mediapipe_landmarks/part_7_danger_video_1.npz
fs,mediapipe_landmarks/part_9_o_4_o_aug_31.npz
how,mediapipe_landmarks/part_9_how_20241119_172645_48.npz
near,mediapipe_landmarks/part_9_near_video_35.npz
hospital,mediapipe_landmarks/part_9_hospital_20241119_172645_23.npz
what,mediapipe_landmarks/part_11_what_20241119_172657_24.npz
why,mediapipe_landmarks/part_11_why.npz
alarm,mediapipe_landmarks/part_5_8104955711243103-seedALARM.npz
left,mediapipe_landmarks/part_2_23448265307560723-LEFT.npz
wait,mediapipe_landmarks/part_11_wait_video_1.npz
deaf,mediapipe_landmarks/part_7_deaf_20241119_172639_17.npz
fingerspell,mediapipe_landmarks/part_3_37824977831118733-FINGERSPELL.npz
drown,mediapipe_landmarks/part_8_drown_20241119_172640_65.npz
drown,mediapipe_landmarks/part_8_drown_20241119_172640_127.npz
pain,mediapipe_landmarks/part_6_9136737589481181-PAIN.npz
between,mediapipe_landmarks/part_1_12045927329920025-BETWEEN.npz
go,mediapipe_landmarks/part_8_go_video_35.npz
interpreter,mediapipe_landmarks/part_9_interpreter_video_2.npz
siren,mediapipe_landmarks/part_10_siren_1.npz
hospital,mediapipe_landmarks/part_9_hospital_20241119_172645_67.npz
bleed,mediapipe_landmarks/part_3_42613113476358433-BLEED.npz
fs,mediapipe_landmarks/part_6_b_1_b_aug_28.npz
down,mediapipe_landmarks/part_8_down_7.npz
read,mediapipe_landmarks/part_10_read_video_9.npz
help,mediapipe_landmarks/part_2_3557945550706938-HELP.npz
smoke,mediapipe_landmarks/part_3_47538988404836724-SMOKE.npz
drown,mediapipe_landmarks/part_8_drown_20241119_172640_40.npz
write,mediapipe_landmarks/part_1_0999990986760626-WRITE.npz
phone,mediapipe_landmarks/part_2_2961304996896019-PHONE.npz
what,mediapipe_landmarks/part_11_what_20241119_172657_13.npz
breathe,mediapipe_landmarks/part_1_15427082911514467-BREATHE.npz
yes,mediapipe_landmarks/part_1_16728596536749274-YES.npz
under,mediapipe_landmarks/part_1_11437934722931486-UNDER.npz
behind,mediapipe_landmarks/part_4_636149341740464-BEHIND.npz
fingerspelling,mediapipe_landmarks/part_3_41565812261435275-FINGERSPELLING.npz
back,mediapipe_landmarks/part_6_back_video_19.npz
breathe,mediapipe_landmarks/part_2_32629909480237873-BREATHE.npz
breathe,mediapipe_landmarks/part_7_breathe_video_0.npz
how,mediapipe_landmarks/part_9_how_20241119_172645_64.npz
doctor,mediapipe_landmarks/part_8_doctor_20241119_172640_17.npz
over,mediapipe_landmarks/part_2_3391476369433619-OVER.npz
safe,mediapipe_landmarks/part_4_6271509166637352-SAFE.npz
careful,mediapipe_landmarks/part_4_7158574832797133-CAREFUL.npz
call,mediapipe_landmarks/part_7_call_20241119_172635_64.npz
inside,mediapipe_landmarks/part_9_inside_5.npz
why,mediapipe_landmarks/part_2_2952311704357522-WHY.npz
no,mediapipe_landmarks/part_9_no_18.npz
how,mediapipe_landmarks/part_9_how_20241119_172645_69.npz
behind,mediapipe_landmarks/part_6_9720070623644439-BEHIND.npz
safe,mediapipe_landmarks/part_6_9418429876093939-SAFE.npz
anyone,mediapipe_landmarks/part_1_16545894863628696-ANYONE.npz
shoot,mediapipe_landmarks/part_10_shoot_20241119_172653_31.npz
fs,mediapipe_landmarks/part_6_Y_video_0_y_aug_2.npz
go,mediapipe_landmarks/part_4_5446297670875129-GO.npz
where,mediapipe_landmarks/part_11_where_video_2.npz
interpreter,mediapipe_landmarks/part_3_39859507411761474-seedINTERPRETER.npz
alarm,mediapipe_landmarks/part_6_alarm_video_9.npz
back,mediapipe_landmarks/part_4_539088949241769-BACK.npz
right,mediapipe_landmarks/part_10_right_20241119_172651_39.npz
rescue,mediapipe_landmarks/part_4_5538095851749019-RESCUE.npz
address,mediapipe_landmarks/part_6_address_video_24.npz
safe,mediapipe_landmarks/part_6_9859050079279097-SAFE.npz
go,mediapipe_landmarks/part_8_go_video_29.npz
nurse,mediapipe_landmarks/part_3_4344032035127605-NURSE.npz
gun,mediapipe_landmarks/part_8_gun_20241119_172644_38.npz
fs,mediapipe_landmarks/part_11_v_1.npz
fire,mediapipe_landmarks/part_3_4285483576400917-FIRE.npz
hurt,mediapipe_landmarks/part_3_526049354350854-HURT.npz
need,mediapipe_landmarks/part_9_need_4.npz
accident,mediapipe_landmarks/part_6_accident_2.npz
fs,mediapipe_landmarks/part_6_W • ASL Dictionary_w_aug_30.npz
fs,mediapipe_landmarks/part_6_S • ASL Dictionary.npz
calltty,mediapipe_landmarks/part_1_05809828930445815-CALL TTY.npz
siren,mediapipe_landmarks/part_2_2786234047469036-SIREN.npz
fs,mediapipe_landmarks/part_9_m_2_m_aug_33.npz
read,mediapipe_landmarks/part_10_read_video_2.npz
nurse,mediapipe_landmarks/part_4_6532332301723314-NURSE.npz
siren,mediapipe_landmarks/part_5_7636781332146967-SIREN.npz
understand,mediapipe_landmarks/part_4_6745834273988278-UNDERSTAND.npz
sick,mediapipe_landmarks/part_3_4446871579256513-SICK.npz
call,mediapipe_landmarks/part_7_call_20241119_172635_90.npz
careful,mediapipe_landmarks/part_2_3301256221233533-CAREFUL.npz
drown,mediapipe_landmarks/part_8_drown_20241119_172640_8.npz
deaf,mediapipe_landmarks/part_7_deaf_20241119_172639_40.npz
tty,mediapipe_landmarks/part_5_7267777892595142-TTY.npz
drown,mediapipe_landmarks/part_8_drown_20241119_172640_106.npz
stop,mediapipe_landmarks/part_11_stop_video_0.npz
gun,mediapipe_landmarks/part_8_gun_20241119_172644_89.npz
water,mediapipe_landmarks/part_6_H2O_video_9.npz
danger,mediapipe_landmarks/part_7_danger_6.npz
who,mediapipe_landmarks/part_11_who_video_15.npz
name,mediapipe_landmarks/part_3_418905208580302-NAME.npz
down,mediapipe_landmarks/part_4_6670065305963329-DOWN.npz
under,mediapipe_landmarks/part_5_8587920038364816-UNDER.npz
safe,mediapipe_landmarks/part_6_9980634184206538-SAFE.npz
phone,mediapipe_landmarks/part_2_24614412973390287-PHONE.npz
hospital,mediapipe_landmarks/part_9_hospital_20241119_172645_50.npz
under,mediapipe_landmarks/part_3_5147910297073359-UNDER.npz
inside,mediapipe_landmarks/part_6_9191190263080842-INSIDE.npz
escape,mediapipe_landmarks/part_1_004142337496026993-ESCAPE.npz
understand,mediapipe_landmarks/part_2_3018334807491294-UNDERSTAND.npz
fs,mediapipe_landmarks/part_8_h_7_h_aug_1.npz
stop,mediapipe_landmarks/part_11_stop_video_25.npz
right,mediapipe_landmarks/part_10_right_20241119_172651_62.npz
stop,mediapipe_landmarks/part_11_stop_video_9.npz
alarm,mediapipe_landmarks/part_6_alarm_video_1.npz
how,mediapipe_landmarks/part_9_how_20241119_172645_8.npz
fs,mediapipe_landmarks/part_8_e_4.npz
rescue,mediapipe_landmarks/part_3_5210817777065382-RESCUE.npz
name,mediapipe_landmarks/part_9_name_1.npz
safe,mediapipe_landmarks/part_4_7015806417326143-SAFE.npz
who,mediapipe_landmarks/part_2_24758144482774802-WHO.npz
front,mediapipe_landmarks/part_2_281169319347379-FRONT.npz
phone,mediapipe_landmarks/part_2_20216167051822387-PHONE.npz
right,mediapipe_landmarks/part_10_right_20241119_172651_14.npz
drown,mediapipe_landmarks/part_8_drown_20241119_172640_66.npz
write,mediapipe_landmarks/part_11_write_4.npz
know,mediapipe_landmarks/part_3_5055945545044311-KNOW.npz
fingerspelling,mediapipe_landmarks/part_8_fingerspell_video_5.npz
behind,mediapipe_landmarks/part_4_5807681642637215-BEHIND.npz
down,mediapipe_landmarks/part_8_down_video_0.npz
stop,mediapipe_landmarks/part_11_stop_7.npz
bleed,mediapipe_landmarks/part_3_46725659095514693-BLEED.npz
down,mediapipe_landmarks/part_5_785763596050906-DOWN.npz
danger,mediapipe_landmarks/part_3_5217993046486709-seedDANGER.npz
help,mediapipe_landmarks/part_8_help_video_15.npz
hardofhearing,mediapipe_landmarks/part_4_6352814626326508-HARD OF_HEARING.npz
address,mediapipe_landmarks/part_6_address_video_23.npz
smoke,mediapipe_landmarks/part_10_smoke_video_0.npz
fs,mediapipe_landmarks/part_6_F • ASL Dictionary_f_aug_11.npz
down,mediapipe_landmarks/part_3_3946410565061349-DOWN.npz
calltty,mediapipe_landmarks/part_4_5866440123594896-seedCALL TTY.npz
sick,mediapipe_landmarks/part_3_37419038878511945-SICK.npz
no,mediapipe_landmarks/part_2_2688720555507844-seedNO.npz
doctor,mediapipe_landmarks/part_8_doctor_20241119_172640_18.npz
drown,mediapipe_landmarks/part_8_drown_20241119_172640_95.npz
where,mediapipe_landmarks/part_2_3227845753007452-WHERE.npz
water,mediapipe_landmarks/part_11_water_15.npz
why,mediapipe_landmarks/part_11_why_video_6.npz
need,mediapipe_landmarks/part_6_9788744210187619-NEED.npz
back,mediapipe_landmarks/part_6_back_video_35.npz
know,mediapipe_landmarks/part_9_know_4.npz
rescue,mediapipe_landmarks/part_3_49299448822050906-RESCUE.npz
deaf,mediapipe_landmarks/part_7_deaf_20241119_172639_41.npz
rescue,mediapipe_landmarks/part_10_rescue.npz
tty,mediapipe_landmarks/part_2_20204116017824014-TTY.npz
accident,mediapipe_landmarks/part_4_574389810940992-ACCIDENT.npz
who,mediapipe_landmarks/part_2_1830009936727366-WHO.npz
help,mediapipe_landmarks/part_1_1512241224851143-HELP.npz
hospital,mediapipe_landmarks/part_9_hospital_20241119_172645_29.npz
help,mediapipe_landmarks/part_2_3347819641252294-HELP.npz
water,mediapipe_landmarks/part_6_H2O_video_5.npz
who,mediapipe_landmarks/part_11_who_9.npz
yes,mediapipe_landmarks/part_11_yes_1.npz
understand,mediapipe_landmarks/part_4_6191415507296982-UNDERSTAND.npz
sick,mediapipe_landmarks/part_1_08956501268165051-SICK.npz
down,mediapipe_landmarks/part_5_7860299261111419-DOWN.npz
what,mediapipe_landmarks/part_11_what_20241119_172657_52.npz
callattention,mediapipe_landmarks/part_5_8826177658694949-CALL ATTENTION.npz
hurt,mediapipe_landmarks/part_9_hurt.npz
water,mediapipe_landmarks/part_6_H2O_video_6.npz
fs,mediapipe_landmarks/part_9_m_2_m_aug_18.npz
no,mediapipe_landmarks/part_9_no_video_2.npz
careful,mediapipe_landmarks/part_2_230359303460546-CAREFUL.npz
back,mediapipe_landmarks/part_5_819751608670944-BACK.npz
fs,mediapipe_landmarks/part_6_D_video_2_d_aug_1.npz
when,mediapipe_landmarks/part_11_when_video_7.npz
help,mediapipe_landmarks/part_8_help_7.npz
accident,mediapipe_landmarks/part_2_20706644268783325-ACCIDENT.npz
stop,mediapipe_landmarks/part_2_19109474570600948-STOP.npz
call,mediapipe_landmarks/part_7_call_20241119_172635_69.npz
no,mediapipe_landmarks/part_9_no_video_12.npz
yes,mediapipe_landmarks/part_1_15498675309554577-YES.npz
fs,mediapipe_landmarks/part_9_l_4_l_aug_32.npz
fingerspelling,mediapipe_landmarks/part_6_9746324198604595-FINGERSPELLING.npz
help,mediapipe_landmarks/part_5_7616988400005291-HELP.npz
yes,mediapipe_landmarks/part_11_yes_23.npz
how,mediapipe_landmarks/part_9_how_20241119_172645_21.npz
gun,mediapipe_landmarks/part_8_gun_20241119_172644_22.npz
shoot,mediapipe_landmarks/part_10_shoot_20241119_172653_82.npz
write,mediapipe_landmarks/part_1_17177027793632993-WRITE.npz
water,mediapipe_landmarks/part_4_6604106363350253-WATER.npz
where,mediapipe_landmarks/part_2_19532533865671398-WHERE.npz
go,mediapipe_landmarks/part_8_go_video_42.npz
between,mediapipe_landmarks/part_6_970097734997617-BETWEEN.npz
fs,mediapipe_landmarks/part_6_M_video_0_m_aug_5.npz
down,mediapipe_landmarks/part_2_27180519126803837-DOWN.npz
deaf,mediapipe_landmarks/part_7_deaf_20241119_172639_21.npz
call,mediapipe_landmarks/part_7_call_20241119_172635_12.npz
know,mediapipe_landmarks/part_9_know_video_5.npz
help,mediapipe_landmarks/part_5_7816987530892228-HELP.npz
go,mediapipe_landmarks/part_8_go_video_36.npz
hospital,mediapipe_landmarks/part_9_hospital_20241119_172645_11.npz
behind,mediapipe_landmarks/part_7_behind_video_9.npz
read,mediapipe_landmarks/part_1_07495102384627716-READ.npz
danger,mediapipe_landmarks/part_3_5370803129542381-DANGER.npz
drown,mediapipe_landmarks/part_8_drown_20241119_172640_112.npz
behind,mediapipe_landmarks/part_7_behind_video_11.npz
shoot,mediapipe_landmarks/part_10_shoot_20241119_172653_39.npz
phone,mediapipe_landmarks/part_5_883771328343447-PHONE.npz
behind,mediapipe_landmarks/part_7_behind_video_2.npz
help,mediapipe_landmarks/part_8_help_video_14.npz
fingerspell,mediapipe_landmarks/part_6_9157896895889284-FINGERSPELL.npz
call,mediapipe_landmarks/part_7_call_20241119_172635_76.npz
yes,mediapipe_landmarks/part_1_15689453699180178-YES.npz
sign,mediapipe_landmarks/part_10_sign_video_7.npz
drown,mediapipe_landmarks/part_8_drown_20241119_172641_10.npz
between,mediapipe_landmarks/part_7_between_8.npz
right,mediapipe_landmarks/part_10_right_20241119_172651_110.npz
front,mediapipe_landmarks/part_8_front_5.npz
blood,mediapipe_landmarks/part_5_8285126867380235-BLOOD.npz
hurt,mediapipe_landmarks/part_9_hurt_video_1.npz
inside,mediapipe_landmarks/part_9_inside_4.npz
why,mediapipe_landmarks/part_11_why_video_5.npz
shooting,mediapipe_landmarks/part_1_05942468510958343-SHOOTING.npz
hospital,mediapipe_landmarks/part_9_hospital_20241119_172645_56.npz
go,mediapipe_landmarks/part_8_go_4.npz
call,mediapipe_landmarks/part_7_call_20241119_172635_92.npz
when,mediapipe_landmarks/part_11_when_8.npz
smoke,mediapipe_landmarks/part_2_24052591806055457-SMOKE.npz
wait,mediapipe_landmarks/part_11_wait_12.npz
call,mediapipe_landmarks/part_7_call_20241119_172635_72.npz
between,mediapipe_landmarks/part_1_12406127454041993-BETWEEN.npz
help,mediapipe_landmarks/part_5_8218136220855874-HELP.npz
hurt,mediapipe_landmarks/part_9_hurt_video_28.npz
right,mediapipe_landmarks/part_10_right_20241119_172651_11.npz
what,mediapipe_landmarks/part_11_what_20241119_172657_27.npz
down,mediapipe_landmarks/part_8_down_video_15.npz
shoot,mediapipe_landmarks/part_10_shoot_20241119_172653_80.npz
how,mediapipe_landmarks/part_9_how_20241119_172645_51.npz
right,mediapipe_landmarks/part_10_right_20241119_172651_52.npz
fingerspell,mediapipe_landmarks/part_1_12409358618988597-FINGERSPELL.npz
front,mediapipe_landmarks/part_8_front_video_7.npz
go,mediapipe_landmarks/part_8_go_video_50.npz
yes,mediapipe_landmarks/part_4_541403296602635-YES.npz
go,mediapipe_landmarks/part_8_go_video_37.npz
interpreter,mediapipe_landmarks/part_2_29839436575740796-INTERPRETER.npz
write,mediapipe_landmarks/part_11_write_15.npz
fs,mediapipe_landmarks/part_6_b_5_b_aug_36.npz
water,mediapipe_landmarks/part_4_7006268761752481-WATER.npz
who,mediapipe_landmarks/part_11_who_video_11.npz
phone,mediapipe_landmarks/part_10_phone_video_5.npz
deaf,mediapipe_landmarks/part_7_deaf_20241119_172639_65.npz
wait,mediapipe_landmarks/part_11_wait_video_14.npz
what,mediapipe_landmarks/part_11_what_20241119_172657_11.npz
who,mediapipe_landmarks/part_11_who_video_10.npz
under,mediapipe_landmarks/part_1_16614537368890558-UNDER.npz
sign,mediapipe_landmarks/part_10_sign_video_4.npz
fs,mediapipe_landmarks/part_6_J_video_2.npz
danger,mediapipe_landmarks/part_6_9999494968333253-DANGER.npz
escape,mediapipe_landmarks/part_2_203299535227649-ESCAPE.npz
gun,mediapipe_landmarks/part_8_gun_20241119_173205.npz
interpreter,mediapipe_landmarks/part_9_interpreter_8.npz
breathe,mediapipe_landmarks/part_1_13817716868942376-BREATHE.npz
doctor,mediapipe_landmarks/part_8_doctor_20241119_172640_46.npz
call,mediapipe_landmarks/part_7_call_20241119_172635_23.npz
near,mediapipe_landmarks/part_1_16643175191307558-NEAR.npz
right,mediapipe_landmarks/part_10_right_20241119_172651_30.npz
ok,mediapipe_landmarks/part_9_okeh_video_0.npz
hospital,mediapipe_landmarks/part_9_hospital_20241119_172645_30.npz
anyone,mediapipe_landmarks/part_3_4568642680977877-seedANYONE.npz
sick,mediapipe_landmarks/part_3_47832051707828005-SICK.npz
where,mediapipe_landmarks/part_11_where_12.npz
address,mediapipe_landmarks/part_6_address_10.npz
why,mediapipe_landmarks/part_5_7308465390923164-WHY.npz
fingerspell,mediapipe_landmarks/part_1_09174206807203134-FINGERSPELL.npz
siren,mediapipe_landmarks/part_2_18755684354177204-SIREN.npz
what,mediapipe_landmarks/part_11_what_20241119_172657_16.npz
name,mediapipe_landmarks/part_3_44454593042241-NAME.npz
who,mediapipe_landmarks/part_6_9738453337311435-WHO.npz
fs,mediapipe_landmarks/part_9_p_2_p_aug_5.npz
stop,mediapipe_landmarks/part_11_stop_video_18.npz
stop,mediapipe_landmarks/part_3_38330302294288865-STOP.npz
above,mediapipe_landmarks/part_2_2175846660772447-ABOVE.npz
no,mediapipe_landmarks/part_3_46074251080029494-NO.npz
address,mediapipe_landmarks/part_2_35293635721902805-ADDRESS.npz
rescue,mediapipe_landmarks/part_5_8417804255043306-RESCUE.npz
fs,mediapipe_landmarks/part_6_a_3_a_aug_12.npz
when,mediapipe_landmarks/part_4_6191553425770482-WHEN.npz
write,mediapipe_landmarks/part_2_32579010273379394-WRITE.npz
down,mediapipe_landmarks/part_8_down_video_19.npz
drown,mediapipe_landmarks/part_8_drown_20241119_172640_101.npz
ok,mediapipe_landmarks/part_2_2523790933236125-OK.npz
help,mediapipe_landmarks/part_5_8646796456836814-HELP.npz
down,mediapipe_landmarks/part_3_36180513052904173-DOWN.npz
back,mediapipe_landmarks/part_6_back_video_10.npz
fs,mediapipe_landmarks/part_8_f_2_f_aug_38.npz
why,mediapipe_landmarks/part_6_9178007741963472-WHY.npz
ok,mediapipe_landmarks/part_1_07263724798158067-OK.npz
gun,mediapipe_landmarks/part_8_gun_20241119_172644_55.npz
right,mediapipe_landmarks/part_10_right_20241119_172651_37.npz
between,mediapipe_landmarks/part_6_9533248897839621-BETWEEN.npz
fs,mediapipe_landmarks/part_6_F • ASL Dictionary.npz
fire,mediapipe_landmarks/part_3_522193985977651-FIRE.npz
stop,mediapipe_landmarks/part_11_stop_video_21.npz
hardofhearing,mediapipe_landmarks/part_5_8419725039169925-HARD OF_HEARING.npz
bleed,mediapipe_landmarks/part_3_4561093051322491-BLEED.npz
right,mediapipe_landmarks/part_10_right_20241119_172651_58.npz
fs,mediapipe_landmarks/part_8_g_6_g_aug_39.npz
help,mediapipe_landmarks/part_8_help_19.npz
right,mediapipe_landmarks/part_10_right_20241119_172651_17.npz
drown,mediapipe_landmarks/part_8_drown_20241119_172640_6.npz
know,mediapipe_landmarks/part_4_6688223256394381-KNOW.npz
escape,mediapipe_landmarks/part_5_8708260460513657-ESCAPE.npz
go,mediapipe_landmarks/part_8_go_video_3.npz
outside,mediapipe_landmarks/part_9_outside.npz
danger,mediapipe_landmarks/part_5_8646684009097199-DANGER.npz
know,mediapipe_landmarks/part_9_know_video_2.npz
who,mediapipe_landmarks/part_5_8661268196723311-WHO.npz
outside,mediapipe_landmarks/part_9_outside_2.npz
yes,mediapipe_landmarks/part_5_8699610978899361-YES.npz
fs,mediapipe_landmarks/part_8_h_1.npz
interpreter,mediapipe_landmarks/part_5_8738981266706498-INTERPRETER.npz
behind,mediapipe_landmarks/part_5_7870148195826896-BEHIND.npz
fs,mediapipe_landmarks/part_8_h_5_h_aug_17.npz
over,mediapipe_landmarks/part_2_2518821267108782-OVER.npz
down,mediapipe_landmarks/part_8_down_video_31.npz
where,mediapipe_landmarks/part_6_9317687529080529-WHERE.npz
drown,mediapipe_landmarks/part_8_drown_20241119_172640_132.npz
hospital,mediapipe_landmarks/part_9_hospital_20241119_172645.npz
call,mediapipe_landmarks/part_7_call_20241119_172635_36.npz
address,mediapipe_landmarks/part_6_address_video_16.npz
up,mediapipe_landmarks/part_3_5270362215385997-UP.npz
alarm,mediapipe_landmarks/part_6_alarm_video_14.npz
address,mediapipe_landmarks/part_6_address_3.npz
stop,mediapipe_landmarks/part_6_9191814085149543-seedSTOP.npz
phone,mediapipe_landmarks/part_5_8294673351811652-PHONE.npz
who,mediapipe_landmarks/part_2_2590814753491968-WHO.npz
between,mediapipe_landmarks/part_3_5263188483791263-BETWEEN.npz
drown,mediapipe_landmarks/part_8_drown_20241119_172640_78.npz
alarm,mediapipe_landmarks/part_6_alarm_video_12.npz
sign,mediapipe_landmarks/part_10_sign_17.npz
under,mediapipe_landmarks/part_11_under_video_4.npz
fire,mediapipe_landmarks/part_1_11510025215643371-FIRE.npz
breathe,mediapipe_landmarks/part_7_breathe_video_8.npz
now,mediapipe_landmarks/part_4_674030928817341-NOW.npz
hardofhearing,mediapipe_landmarks/part_1_0939707273723751-HARD OF_HEARING.npz
down,mediapipe_landmarks/part_8_down_1.npz
now,mediapipe_landmarks/part_4_720220390455963-seedNOW.npz
siren,mediapipe_landmarks/part_1_15627620675077458-SIREN.npz
fs,mediapipe_landmarks/part_6_Z_video_0_z_aug_9.npz
yes,mediapipe_landmarks/part_11_yes_video_11.npz
how,mediapipe_landmarks/part_9_how_20241119_172645_52.npz
know,mediapipe_landmarks/part_9_know_video_6.npz
hurt,mediapipe_landmarks/part_9_hurt_video_13.npz
near,mediapipe_landmarks/part_3_4769148198552797-NEAR.npz
fs,mediapipe_landmarks/part_6_K_video_2_k_aug_17.npz
pain,mediapipe_landmarks/part_3_5243643279901755-PAIN.npz
fingerspelling,mediapipe_landmarks/part_2_3185601942446512-FINGERSPELLING.npz
call,mediapipe_landmarks/part_7_call_20241119_172635_54.npz
name,mediapipe_landmarks/part_9_name_video_4.npz
how,mediapipe_landmarks/part_9_how_20241119_172645_49.npz
water,mediapipe_landmarks/part_11_water_16.npz
read,mediapipe_landmarks/part_6_9962526929135627-READ.npz
ok,mediapipe_landmarks/part_9_ok_11.npz
sign,mediapipe_landmarks/part_10_sign_video_8.npz
down,mediapipe_landmarks/part_8_down_video_6.npz
shooting,mediapipe_landmarks/part_2_24307206549534444-SHOOTING.npz
escape,mediapipe_landmarks/part_4_6778225555600479-ESCAPE.npz
water,mediapipe_landmarks/part_2_19062537109661482-WATER.npz
shooting,mediapipe_landmarks/part_3_40951976240363375-SHOOTING.npz
fs,mediapipe_landmarks/part_6_U_video_2_u_aug_26.npz
deaf,mediapipe_landmarks/part_7_deaf_20241119_172639_22.npz
what,mediapipe_landmarks/part_11_what_20241119_172657_40.npz
write,mediapipe_landmarks/part_11_write_10.npz
what,mediapipe_landmarks/part_11_what_20241119_172657_5.npz
drown,mediapipe_landmarks/part_8_drown_20241119_172640_1.npz
no,mediapipe_landmarks/part_9_no_video_10.npz
over,mediapipe_landmarks/part_5_7947646516473061-OVER.npz
right,mediapipe_landmarks/part_10_right_20241119_172651_50.npz
doctor,mediapipe_landmarks/part_8_doctor_20241119_172640_54.npz
inside,mediapipe_landmarks/part_1_04087055455945432-INSIDE.npz
gun,mediapipe_landmarks/part_8_gun_20241119_172644_7.npz
callattention,mediapipe_landmarks/part_5_8017891180635572-CALL ATTENTION.npz
no,mediapipe_landmarks/part_9_no_video_9.npz
need,mediapipe_landmarks/part_9_need_video_7.npz
need,mediapipe_landmarks/part_9_need_9.npz
fs,mediapipe_landmarks/part_6_V_video_3_v_aug_15.npz
safe,mediapipe_landmarks/part_5_8913247676195029-SAFE.npz
why,mediapipe_landmarks/part_11_why_video_7.npz
why,mediapipe_landmarks/part_4_6220173213417262-WHY.npz
fingerspelling,mediapipe_landmarks/part_1_10277398214983657-FINGERSPELLING.npz
sign,mediapipe_landmarks/part_10_sign_video_2.npz
doctor,mediapipe_landmarks/part_8_doctor_20241119_172640_62.npz
alarm,mediapipe_landmarks/part_1_1406571973017483-ALARM.npz
drown,mediapipe_landmarks/part_8_drown_20241119_172640.npz
how,mediapipe_landmarks/part_9_how_20241119_172645_55.npz
hurt,mediapipe_landmarks/part_9_hurt_video_25.npz
drown,mediapipe_landmarks/part_8_drown_20241119_172640_56.npz
water,mediapipe_landmarks/part_4_5521352697044284-WATER.npz
sick,mediapipe_landmarks/part_2_3176950945974586-SICK.npz
doctor,mediapipe_landmarks/part_8_doctor_20241119_172640_41.npz
fs,mediapipe_landmarks/part_6_H_video_4_h_aug_27.npz
above,mediapipe_landmarks/part_4_5989915852841978-ABOVE.npz
behind,mediapipe_landmarks/part_4_5679731467537406-BEHIND.npz
hurt,mediapipe_landmarks/part_1_16631130373956604-HURT.npz
danger,mediapipe_landmarks/part_3_39517572168386583-DANGER.npz
now,mediapipe_landmarks/part_6_9903010368188014-NOW.npz
hospital,mediapipe_landmarks/part_9_hospital_20241119_172645_43.npz
drown,mediapipe_landmarks/part_8_drown_20241119_172640_102.npz
name,mediapipe_landmarks/part_5_7680995774148371-NAME.npz
write,mediapipe_landmarks/part_11_write_video_16.npz
above,mediapipe_landmarks/part_4_650257865873564-ABOVE.npz
deaf,mediapipe_landmarks/part_7_deaf_20241119_172639_25.npz
accident,mediapipe_landmarks/part_6_accident_7.npz
fs,mediapipe_landmarks/part_8_e_1.npz
why,mediapipe_landmarks/part_6_9579391541087037-WHY.npz
front,mediapipe_landmarks/part_5_8530843474797705-FRONT.npz
blood,mediapipe_landmarks/part_4_6613535009891718-BLOOD.npz
stop,mediapipe_landmarks/part_11_stop_video_5.npz
gun,mediapipe_landmarks/part_8_gun_20241119_172644_16.npz
safe,mediapipe_landmarks/part_3_492531064181398-SAFE.npz
address,mediapipe_landmarks/part_6_address_video_20.npz
fs,mediapipe_landmarks/part_9_j_2.npz
need,mediapipe_landmarks/part_9_need_video_1.npz
drown,mediapipe_landmarks/part_8_drown_20241119_173205.npz
when,mediapipe_landmarks/part_11_when_video_1.npz
right,mediapipe_landmarks/part_10_right_20241119_172651_13.npz
fs,mediapipe_landmarks/part_6_M_video_3_m_aug_22.npz
fs,mediapipe_landmarks/part_8_h_5.npz
stop,mediapipe_landmarks/part_4_6679488064816475-STOP.npz
yes,mediapipe_landmarks/part_11_yes_15.npz
fs,mediapipe_landmarks/part_11_w_1_w_aug_29.npz
front,mediapipe_landmarks/part_1_10124030452014399-FRONT.npz
right,mediapipe_landmarks/part_10_right_20241119_172651_91.npz
fs,mediapipe_landmarks/part_7_c_7.npz
what,mediapipe_landmarks/part_11_what_20241119_172657_80.npz
write,mediapipe_landmarks/part_2_35097013272968836-WRITE.npz
tty,mediapipe_landmarks/part_1_006247912430029645-TTY.npz
wait,mediapipe_landmarks/part_11_wait_video_10.npz
sign,mediapipe_landmarks/part_2_21403791953028373-SIGN.npz
where,mediapipe_landmarks/part_2_35445730348954285-seedWHERE.npz
escape,mediapipe_landmarks/part_8_escape_6.npz
no,mediapipe_landmarks/part_1_08228267952066615-NO.npz
when,mediapipe_landmarks/part_5_7219560821026212-WHEN.npz
near,mediapipe_landmarks/part_9_near_video_5.npz
under,mediapipe_landmarks/part_4_710782441303607-UNDER.npz
yes,mediapipe_landmarks/part_1_1555998439795525-YES.npz
stop,mediapipe_landmarks/part_1_08870380386555654-STOP.npz
right,mediapipe_landmarks/part_10_right_20241119_172651_4.npz
address,mediapipe_landmarks/part_6_9844430874730461-seedADDRESS.npz
hurt,mediapipe_landmarks/part_9_hurt_video_15.npz
inside,mediapipe_landmarks/part_9_inside_video_9.npz
why,mediapipe_landmarks/part_1_09164331443344143-WHY.npz
outside,mediapipe_landmarks/part_9_outside_video_0.npz
what,mediapipe_landmarks/part_11_what_20241119_172657_51.npz
up,mediapipe_landmarks/part_11_up_7.npz
where,mediapipe_landmarks/part_4_6471203705029369-WHERE.npz
drown,mediapipe_landmarks/part_8_drown_20241119_172640_128.npz
call,mediapipe_landmarks/part_7_call_20241119_172635_5.npz
escape,mediapipe_landmarks/part_3_40216468851200915-ESCAPE.npz
up,mediapipe_landmarks/part_11_up_video_6.npz
calltty,mediapipe_landmarks/part_1_050183878722844355-CALL TTY.npz
sign,mediapipe_landmarks/part_2_2915003707924726-SIGN.npz
smoke,mediapipe_landmarks/part_4_5770959877637918-SMOKE.npz
sign,mediapipe_landmarks/part_10_sign_26.npz
breathe,mediapipe_landmarks/part_2_19050052718473087-BREATHE.npz
deaf,mediapipe_landmarks/part_7_deaf_20241119_173205.npz
fs,mediapipe_landmarks/part_8_h_5_h_aug_7.npz
blood,mediapipe_landmarks/part_7_blood_1.npz
back,mediapipe_landmarks/part_6_back_video_20.npz
fs,mediapipe_landmarks/part_6_X_x_aug_41.npz
anyone,mediapipe_landmarks/part_2_2381729192110531-ANYONE.npz
hospital,mediapipe_landmarks/part_9_hospital_20241119_172645_16.npz
safe,mediapipe_landmarks/part_4_6781559589743-SAFE.npz
breathe,mediapipe_landmarks/part_7_breathe_1.npz
outside,mediapipe_landmarks/part_9_outside_video_5.npz
left,mediapipe_landmarks/part_3_5044809599823641-LEFT.npz
wait,mediapipe_landmarks/part_5_8270409786931296-WAIT.npz
shooting,mediapipe_landmarks/part_10_shooting_video_4.npz
inside,mediapipe_landmarks/part_3_4369136362212842-INSIDE.npz
fs,mediapipe_landmarks/part_6_Q • ASL Dictionary_q_aug_39.npz
hospital,mediapipe_landmarks/part_9_hospital_20241119_172645_63.npz
between,mediapipe_landmarks/part_5_7566090091231854-BETWEEN.npz
when,mediapipe_landmarks/part_4_6328147846440941-WHEN.npz
yes,mediapipe_landmarks/part_4_7199652013477922-YES.npz
hospital,mediapipe_landmarks/part_9_hospital_20241119_172645_68.npz
back,mediapipe_landmarks/part_6_back_video_1.npz
left,mediapipe_landmarks/part_3_5182613179352797-LEFT.npz
shoot,mediapipe_landmarks/part_10_shoot_20241119_172653_54.npz
fs,mediapipe_landmarks/part_9_i_7_i_aug_31.npz
name,mediapipe_landmarks/part_9_name_7.npz
drown,mediapipe_landmarks/part_8_drown_20241119_172640_38.npz
inside,mediapipe_landmarks/part_3_5133937834201301-INSIDE.npz
above,mediapipe_landmarks/part_5_7730062057239813-ABOVE.npz
pain,mediapipe_landmarks/part_5_7699770097456944-PAIN.npz
sick,mediapipe_landmarks/part_4_5954902678633454-SICK.npz
fs,mediapipe_landmarks/part_10_r_video_3_r_aug_19.npz
fs,mediapipe_landmarks/part_9_l_8_l_aug_31.npz
accident,mediapipe_landmarks/part_6_accident_video_7.npz
shoot,mediapipe_landmarks/part_10_shoot_20241119_172653_72.npz
behind,mediapipe_landmarks/part_3_41921394077793783-BEHIND.npz
read,mediapipe_landmarks/part_1_10439418782525745-READ.npz
siren,mediapipe_landmarks/part_5_7857915064069994-SIREN.npz
shoot,mediapipe_landmarks/part_10_shoot_20241119_172653_4.npz
doctor,mediapipe_landmarks/part_8_doctor_20241119_172640_28.npz
rescue,mediapipe_landmarks/part_10_rescue_4.npz
sign,mediapipe_landmarks/part_6_9456480662629465-SIGN.npz
fire,mediapipe_landmarks/part_2_32545819799776265-FIRE.npz
escape,mediapipe_landmarks/part_5_8264338115666985-ESCAPE.npz
sick,mediapipe_landmarks/part_1_10206502257817629-SICK.npz
stop,mediapipe_landmarks/part_11_stop_video_11.npz
who,mediapipe_landmarks/part_3_5344192765643432-WHO.npz
smoke,mediapipe_landmarks/part_5_7281814460614704-SMOKE.npz
deaf,mediapipe_landmarks/part_7_deaf_20241119_172639_8.npz
over,mediapipe_landmarks/part_9_over.npz
up,mediapipe_landmarks/part_11_up_6.npz
deaf,mediapipe_landmarks/part_7_deaf_20241119_172639_15.npz
tty,mediapipe_landmarks/part_6_9198765343606712-TTY.npz
fire,mediapipe_landmarks/part_8_fire.npz
understand,mediapipe_landmarks/part_4_6762437534373142-UNDERSTAND.npz
shoot,mediapipe_landmarks/part_10_shoot_20241119_172653_69.npz
read,mediapipe_landmarks/part_10_read_16.npz
smoke,mediapipe_landmarks/part_5_7449289174120322-SMOKE.npz
siren,mediapipe_landmarks/part_2_30728676940459776-SIREN.npz
call,mediapipe_landmarks/part_7_call_20241119_172635_43.npz
accident,mediapipe_landmarks/part_6_accident_video_8.npz
phone,mediapipe_landmarks/part_10_phone_video_11.npz
danger,mediapipe_landmarks/part_5_8742455446817774-DANGER.npz
up,mediapipe_landmarks/part_11_up_4.npz
danger,mediapipe_landmarks/part_3_3958168573681877-DANGER.npz
drown,mediapipe_landmarks/part_8_drown_20241119_172640_79.npz
careful,mediapipe_landmarks/part_1_07616499440806268-CAREFUL.npz
how,mediapipe_landmarks/part_9_how_20241119_172645_43.npz
over,mediapipe_landmarks/part_2_33243795657301267-OVER.npz
shoot,mediapipe_landmarks/part_10_shoot_20241119_172653_74.npz
above,mediapipe_landmarks/part_6_above_video_0.npz
right,mediapipe_landmarks/part_10_right_20241119_172651_61.npz
go,mediapipe_landmarks/part_8_go_25.npz
interpreter,mediapipe_landmarks/part_9_interpreter_video_1.npz
above,mediapipe_landmarks/part_4_6130278911806268-ABOVE.npz
tty,mediapipe_landmarks/part_2_3521458304025926-TTY.npz
how,mediapipe_landmarks/part_9_how_20241119_172645_31.npz
fingerspelling,mediapipe_landmarks/part_3_42971328950585885-FINGERSPELLING.npz
help,mediapipe_landmarks/part_8_help_13.npz
deaf,mediapipe_landmarks/part_7_deaf_20241119_172639_23.npz
gun,mediapipe_landmarks/part_8_gun_20241119_172644_91.npz
down,mediapipe_landmarks/part_2_2330574461466799-DOWN.npz
left,mediapipe_landmarks/part_4_5821865893927691-LEFT.npz
understand,mediapipe_landmarks/part_11_understand_video_1.npz
rescue,mediapipe_landmarks/part_4_621213560343703-RESCUE.npz
down,mediapipe_landmarks/part_4_6499483968595312-DOWN.npz
when,mediapipe_landmarks/part_11_when_video_8.npz
ok,mediapipe_landmarks/part_9_ok_12.npz
over,mediapipe_landmarks/part_5_8093239043480271-OVER.npz
fingerspell,mediapipe_landmarks/part_8_fingerspell_8.npz
right,mediapipe_landmarks/part_10_right_20241119_172651_106.npz
breathe,mediapipe_landmarks/part_7_breathe_video_7.npz
fire,mediapipe_landmarks/part_8_fire_3.npz
behind,mediapipe_landmarks/part_4_6262677264774574-BEHIND.npz
callattention,mediapipe_landmarks/part_6_9819738133312128-CALL ATTENTION.npz
read,mediapipe_landmarks/part_3_49657630896098426-READ.npz
what,mediapipe_landmarks/part_11_what_20241119_172657_76.npz
doctor,mediapipe_landmarks/part_8_doctor_20241119_172640_23.npz
go,mediapipe_landmarks/part_8_go_video_22.npz
fs,mediapipe_landmarks/part_6_W_w_aug_4.npz
call,mediapipe_landmarks/part_7_call_20241119_172635_14.npz
right,mediapipe_landmarks/part_10_right_20241119_172651_49.npz
over,mediapipe_landmarks/part_9_over_video_0.npz
near,mediapipe_landmarks/part_9_near_video_30.npz
right,mediapipe_landmarks/part_10_right_20241119_172651_105.npz
under,mediapipe_landmarks/part_3_41504189088562327-UNDER.npz
above,mediapipe_landmarks/part_3_4163481718688373-ABOVE.npz
up,mediapipe_landmarks/part_1_01901925493489287-UP.npz
above,mediapipe_landmarks/part_5_783007505619844-ABOVE.npz
front,mediapipe_landmarks/part_8_front.npz
why,mediapipe_landmarks/part_3_3866568461228612-WHY.npz
nurse,mediapipe_landmarks/part_2_23005216047429444-NURSE.npz
where,mediapipe_landmarks/part_11_where_3.npz
yes,mediapipe_landmarks/part_11_yes_video_0.npz
interpreter,mediapipe_landmarks/part_1_046219743175623274-INTERPRETER.npz
careful,mediapipe_landmarks/part_4_648412006907976-CAREFUL.npz
doctor,mediapipe_landmarks/part_8_doctor_20241119_172640_73.npz
pain,mediapipe_landmarks/part_1_11941328359061032-PAIN.npz
left,mediapipe_landmarks/part_2_35811058532717244-LEFT.npz
what,mediapipe_landmarks/part_11_what_20241119_172657_20.npz
anyone,mediapipe_landmarks/part_5_7444999310587148-ANYONE.npz
siren,mediapipe_landmarks/part_4_5873858990725094-SIREN.npz
ok,mediapipe_landmarks/part_1_14498064704076463-OK.npz
stop,mediapipe_landmarks/part_3_49400025068696496-STOP.npz
down,mediapipe_landmarks/part_8_down_4.npz
smoke,mediapipe_landmarks/part_10_smoke_video_3.npz
above,mediapipe_landmarks/part_3_4501007718732275-ABOVE.npz
right,mediapipe_landmarks/part_10_right_20241119_172651_51.npz
help,mediapipe_landmarks/part_8_help_12.npz
tty,mediapipe_landmarks/part_6_TTY_video_0.npz
where,mediapipe_landmarks/part_4_5589002661440625-WHERE.npz
fs,mediapipe_landmarks/part_6_T_video_0_t_aug_27.npz
address,mediapipe_landmarks/part_5_7724145031183518-ADDRESS.npz
hurt,mediapipe_landmarks/part_5_8680091165143533-HURT.npz
nurse,mediapipe_landmarks/part_3_4044647705399471-NURSE.npz
front,mediapipe_landmarks/part_2_31429416035227553-FRONT.npz
call,mediapipe_landmarks/part_7_call_20241119_172635_8.npz
sick,mediapipe_landmarks/part_1_15552261128903067-SICK.npz
no,mediapipe_landmarks/part_6_9644130188424822-NO.npz
where,mediapipe_landmarks/part_1_03717365663139738-WHERE.npz
doctor,mediapipe_landmarks/part_8_doctor_20241119_172640_42.npz
between,mediapipe_landmarks/part_3_48474400897403425-BETWEEN.npz
now,mediapipe_landmarks/part_4_6447196084149984-NOW.npz
danger,mediapipe_landmarks/part_7_danger_4.npz
shooting,mediapipe_landmarks/part_4_6512142781084489-SHOOTING.npz
deaf,mediapipe_landmarks/part_7_deaf_20241119_172639_5.npz
